"cand_id","cand_name","cand_pty_affiliation"
"P00000679","CARROLL, JERRY LEON","NNE"
"P00001099","MARCINEK, ALOYSIUS R","IND"
"P00003160","WELLS, THOMAS BAXTER","OTH"
"P00003244","WINTERBOTTOM, THOMAS FRANCIS","DEM"
"P00003392","CLINTON, HILLARY RODHAM","DEM"
"P00003640","LANCE-COUNCIL, TEMPERANCE ALESHA","OTH"
"P00003715","ASHE, WARREN RODERICK ","DEM"
"P00003756","MARTISKO, MIKE BENJAMIN","REP"
"P00003814","MALONE, JOAN","REP"
"P00003897","WALLACE, WILLIAM LEONARD","IND"
"P00003962","SCHRINER, JOSEPH CHARLES","UNK"
"P00004135","HANKINS, GERALD LAMAR MR","DEM"
"P00004275","BROWN, HARLEY D","NNE"
"P00004507","EDWARDS, JENNY","UNK"
"P00004580","BOYDSTON, J FATHER REV","IND"
"P00004846","IWACHIW, WALTER N","REP"
"P00004861","BICKELMEYER, MICHAEL","REP"
"P20000055","LEE, KIP","LIB"
"P20000089","FELLURE, LOWELL JACKSON","REP"
"P20000444","WORTHY, HOWARD","IND"
"P20000550","HOWARD, MILDRED (MILLIE)","REP"
"P20001145","MORASCINI, DAVID JOHN","LIB"
"P20001905","LEE, ROBERT","IND"
"P20002051","RUNDBERG, JIM L","REP"
"P20002101","SINGLETON, KEITH","DEM"
"P20002176","NEVEU, DEONIA P","IND"
"P20002283","WILLIAMS, KENT LIONEL","IND"
"P20002309","DRAKE, PATRICK ANTHONY","REP"
"P20002440","DENAME, MICHAEL JR","NNE"
"P20002481","RAMOS, LUIS ALBERTO JR","DEM"
"P20002499","DUMMETT, JOHN ALBERT JR","REP"
"P20002580","CHEHADE, PAUL","IND"
"P20002630","TITTLE, SHEILA 'SAMM'","IND"
"P20002721","SANTORUM, RICHARD J.","REP"
"P20002838","HILL, CHRISTOPHER V","REP"
"P20002861","HUNT, EUGENE ROSELL JR","REP"
"P20002929","DAY, TIM (TEXAS SLIM)","DEM"
"P20002986","POWERS, C","DEM"
"P20003000","DOMAGALA, KENNETH M","IND"
"P60005709","DUCKWALD, WANDA GAYLE","REP"
"P20003042","LAX MILLER, LORETTA","DEM"
"P20003141","FERGUSON, JOHN GREEN","OTH"
"P20003158","STAINFIELD, TAMI L","NNE"
"P20003174","SPONHEIM, DAVID JON","OTH"
"P20003216","STAGG, SILVIA","REP"
"P20003281","PERRY, JAMES R (RICK)","REP"
"P20003372","JUDY, CODY ROBERT","DEM"
"P20003604","STRICKLAND, TIMMY WAYNE","REP"
"P20003612","LOPEZ, AURORA","REP"
"P20003653","STORY, RICKEY JOE","IND"
"P20003711","SWANSON, KARIN LYNN","DEM"
"P20003851","ELGAR, MISS BETSY PAULINE","CON"
"P20003877","JONES, TERRY DR","NPA"
"P20003901","GLORE, TODD RICHARD","IND"
"P20003950","LAWSON, EDGAR A","REP"
"P20003984","STEIN, JILL","GRE"
"P20004065","WELLS, ROBERT CARR JR","DEM"
"P20004081","CHRISTENSON, DAVID ANDREW","NNE"
"P20004099","WHEELOCK, TERRY WAYNE","IND"
"P20004289","HAYDEN, JAMES A","REP"
"P20004297","MENARD, ROLAND DURPHY III","IND"
"P20004446","JULIUS, TYRONE ","REP"
"P20004503","STONE, DR DAMIAN","IND"
"P20004537","SLOAN, SAM","DEM"
"P20004586","BAKER, JACOB","UNK"
"P20004719","HOLCOMB, DAVID CHRISTOPHER","IND"
"P20004768","JACOB-FAMBRO, PRINCESS KHADIJAH M PRES","OTH"
"P20004909","SANDERA, ROBERT WILLIAM","IND"
"P20004958","PENDLETON, MARK C","IND"
"P20005070","CRONIN, ANTHONY JOSEPH JR","DEM"
"P20005138","WALKER, VICTOR BRYAN","IND"
"P20005229","SHREFFLER, DOUG","DEM"
"P40000382","OGIN, FREDERICK EUGENE","DEM"
"P40000564","KREML, WILLIAM P","GRE"
"P40000820","MCDOWELL, EDDIE","REP"
"P40001109","DE BUONAPARTE, HRM CAESAR ST AUGUSTINE","OTH"
"P40002446","MOLLENHOUR, GRADY DEAN REV JR","DEM"
"P40002669","BROUGHMAN, DEWEY R","IND"
"P40002909","BUKEWIHGE, EDIE MRS","DEM"
"P40003279","MESPLAY, KENT PHILIP","GRE"
"P40003329","ROSENBERGER, PAUL RUSSELL","OTH"
"P40003576","PAUL, RAND","REP"
"P40003584","CAVANAGH, ERIC SCOTT","REP"
"P40003592","DEAN, DANIEL LANE","UNK"
"P40003600","ALLEN, JAMES PRESSLEY","OTH"
"P60002086","JENKINS, MICHAEL DWAYNE","UNK"
"P60002458","JEWELL, ROGER HENRY","NNE"
"P60002771","BROWN, SAMMY MUREL","REP"
"P60003175","KALEMKARIAN, TIMOTHY CHARLES","REP"
"P60003530","JUDD, KEITH RUSSELL","DEM"
"P60003670","KASICH, JOHN R","REP"
"P60003688","CVOROVIC, JANKA","OTH"
"P60004322","OGLE, JAMES ORLANDO III","REP"
"P60004405","MOOREHEAD, MONICA GAIL","UNK"
"P60004488","SAUTER, DONALD","UNK"
"P60004561","CHARLES, JOSEPH","IND"
"P60004777","LAROSE, JOSUE","REP"
"P60004785","COLE, BRIAN ARI DR","REP"
"P60004793","ADESHINA, YINKA ABOSEDE","REP"
"P60004801","JACOBSON, STEVEN D","IND"
"P60004819","KINLAW, MICHAEL WAYNE","REP"
"P60004827","MIMS, TIFFANI EL DAWN","REP"
"P60004835","KELLER, MARC ALEXANDER PAUL","IND"
"P60004843","MARTINEZ, SHAWNA JOY","IND"
"P60004850","ZEIGER, CHUCK","NNE"
"P60004868","PERRY, DARRYL W","LIB"
"P60004876","MURPHY, ROME II","DEM"
"P60004884","STEVENS, SHERLENE","REP"
"P60004892","TOMLINSON, DWAYNE ALAN","REP"
"P60004900","JEROBOAN, KINS","REP"
"P60004918","TAPE , PAUL EDWARD JR","OTH"
"P60004926","LEHIGH, ROBERT FANE","IND"
"P60004934","CROTZER, EZEKIEL GEORGE","REP"
"P60004942","RUSSELL, BRIAN PATRICK KETTERER","REP"
"P60004959","JONES, VINCENT CHARLES II","OTH"
"P60004967","BYERS, JAMES ROBERT","IND"
"P60004975","DIGGS, MICHAEL WAYNE","REP"
"P60004983","SCRIGNA, ANGELO YOSHANNAH","DEM"
"P60004991","LLOYD, JUNE LA'GAY","IND"
"P60005006","HENDRIX, DAVID QUINN","IND"
"P60005014","BRALICH, PHILIP A","DEM"
"P60005022","DILLON, STEVE ALLEN","UNK"
"P60005030","CINTRON, DORIS","OTH"
"P60005048","JOHNSON, BARRY L","IND"
"P60005055","STEINBERG, MICHAEL ALAN","DEM"
"P60005063","SCHWARTZ, JOHN GRAHAM","UNK"
"P60005071","HUBBELL, MICHAEL WAYNE","IND"
"P60005089","LEONARD, JERRY L","REP"
"P60005097","SEWELL, JAMES MCCORD III MRS","IND"
"P60005105","DUTTER, MARK JOSEPH","IND"
"P60005113","SOPKOVICH, NICHOLAS ALEXANDER","DEM"
"P60005121","ALLEN-REESE, POGO MOCHELLO","REP"
"P60005139","WILLEY, TODD WADE","OTH"
"P60005147","CAMPBELL, JOHNNIE C","NNE"
"P60005154","CLARK, BRITTANY LAUREN","DEM"
"P60005162","DEBOW, MR PAUL W","REP"
"P60005170","SCHIESS, JOHN T","REP"
"P60005188","CANNADAY, PAUL BENJAMIN-DIELMAN","IND"
"P60005196","WALKER, DORIS V","UNK"
"P60005204","WILLIAMS, ELAINE WHIGHAM","DEM"
"P60005212","DUTTON, KRISTI FREELAND","DEM"
"P60005220","MULLIKIN, TONY","NNE"
"P60005238","MCCALL, ANGIE","NNE"
"P60005246","BORRELL, ERIC JAMES","IND"
"P60005253","LOWER, BARTHOLOMEW JAMES MR.","LIB"
"P60005261","JUSTICE, BRENDA DAWN","REP"
"P60005279","BOWERS, KERRY DALE","REP"
"P60005287","LAW, JAMES T","NNE"
"P60005295","CONGER, AMY","NNE"
"P60005303","FOX, CHERUNDA LYNN","IND"
"P60005311","TARLOW, ZACHARY","UNK"
"P60005329","WILLS, KRYSTIN ALEXIS","DEM"
"P60005337","RONDEAU, DON LARANCE","IND"
"P60005345","SHERMAN, JEFFERSON WOODSON","REP"
"P60005352","FARBER, STUART ROSS","REP"
"P60005360","OWENS, DANIEL ROBERT","DEM"
"P60005378","MCKART, PATRICK STEPHEN","OTH"
"P60005386","MACKIMZEY, DEBORAH MAE","IND"
"P60005394","MEI, RUBY","IND"
"P60005402","ARMSTRONG, BRANDON CHRISTINA","DEM"
"P60005410","MARKOVICH, BARBARA MAE ADAMS","REP"
"P60005428","BAKER, EDWARD LANE","NNE"
"P60005436","KINSEY, RONALD LOUIS","OTH"
"P60005444","MENIER, THOMAS KENT SR","IND"
"P60005451","COLE, SCOTT MICHAEL","REP"
"P60005469","SMITH, KEITH",""
"P60005477","RAVISHANKER, DINESH","OTH"
"P60005485","TAYLOR, DEACON NEWELL","IND"
"P60005493","SMITH, SCOTT ANDREW","IND"
"P60005501","CHRISTENSEN, DALE H","REP"
"P60005519","PAVILACK, HARRY","DEM"
"P60005527","KUFFEL, ROBERT ELLERY","LIB"
"P60005535","EMRIT, RONALD SATISH","DEM"
"P60005543","ALDRIDGE, ROBERT FRANK","IND"
"P60005550","BOLAR, SHELIA MARIAH","IND"
"P60005568","WOOD, JOHN JOSEPH","NNE"
"P60005576","USERA, JOSHUA DAVID","IND"
"P60005584","HODGE, CHARLES JUNIOR","DEM"
"P60005592","ANDREWS, CHARLES PERRY III","REP"
"P60005600","TYLER, MATHEW LEE","IND"
"P60005618","BLASS, PIOTR DR","NNE"
"P60005626","PETYO, MICHAEL EDWARD","REP"
"P60005634","PETER, RICHARD","REP"
"P60005642","BONPASSE, MORRISON MCKELVY","DEM"
"P60005659","ARAYLE, NICOLE LYNN","IND"
"P60005667","LUNDE, BARBARA JEAN","NNE"
"P60005675","DAVIDSON, MARGARET M","OTH"
"P60005683","CAFFREY, ANDREW AUGUSTINE IV","DEM"
"P60005691","OLEWINE, SCOT GRANT","REP"
"P60005717","LEWIS JR, JULIAN BISHOP","IND"
"P60005725","FELDMAN, MARC ALLAN","LIB"
"P60005733","SHO, MUHAMMAD","UNK"
"P60005741","ABERNATHY, CHRISTOPHER SCOTT","UNK"
"P60005758","HILL, PHILLIP KENNETH SR","IND"
"P60005766","BUSH, WILLITA D","GRE"
"P60005774","SCARBOROUGH, LARRY D","UNK"
"P60005782","DUKE, RONALD","REP"
"P60005790","SPEARS, ALAN ERROL ESQ.","AIP"
"P60005808","KAHN, LYNN SANDRA","IND"
"P60005816","HORN, CHRISTOPHER DARREN MR.","NPA"
"P60005824","PRUITT, WILLIAM JASON MR.","LIB"
"P60005832","REEDY, DARWIN MISHA ROSE","IND"
"P60005840","ABBOTT, GIFFORD WHEELER JR","IND"
"P60005857","HYDE, JUSTIN NICHOLAS MR.","REP"
"P60005865","RAPHAEL, DAVID MD","OTH"
"P60005873","WINDETT, JEFFREY JAMES MR","DEM"
"P60005881","PINKNEY BUTTS, PAMELA M REV","OTH"
"P60005899","BOWHALL, WILLIAM ERNEST JR","IND"
"P60005907","FLEMING-HODGE, LORI LYNN","IND"
"P60005915","CARSON, BENJAMIN S SR MD","REP"
"P60005923","BRUCATO, GEORGE JAMES","DEM"
"P60005931","BUTTOCKS, SYDNEYS VOLUPTOUS","IND"
"P60005949","HAHN, MARTIN","IND"
"P60005964","MICHAELS, DANIEL TRAVIS","DEM"
"P60005972","EVERSON, MARK","REP"
"P60005980","JONES, SUE LISA","IND"
"P60005998","LAUREL-SMITH, ABBEY","IND"
"P60006012","MITCHELL, JAMES CREIGHTON MR JR","REP"
"P60006038","PFLEIDERER, REBECCA","NNE"
"P60006046","WALKER, SCOTT","REP"
"P60006053","ANDERSON, JOSEPH EDWARD DR. JR.","REP"
"P60006061","GIVIDEN, KENN","OTH"
"P60006079","WAYMIRE, BARBARA JOY","LIB"
"P60006087","BENNETT, DANNY MICHAEL MR. II","UNI"
"P60006095","LAVIGNE, JONATHAN PAUL","DEM"
"P60006103","DUFFY, ANDREW ELIJAH MISTER","IND"
"P60006111","CRUZ, RAFAEL EDWARD 'TED'","REP"
"P60006129","EVANS, JONATHAN THOMAS","IND"
"P60006137","BRUMMETT, JAMES CARL","IND"
"P60006145","CINCOTTA, CHRISTOPHER JOHN","IND"
"P60006152","SHEPARD, RYAN W MR.","NPA"
"P60006160","RHODES, LEE","DEM"
"P60006178","BORIS, ROBERT","UN"
"P60006186","BORIS, ROBERT IGOR MR.","UN"
"P60006194","FANNING, CHARLES RAYMOND","OTH"
"P60006210","IRWIN, THOMAS J","OTH"
"P60006228","KERBEL, STEVEN ELLIOTT","LIB"
"P60006236","CASTLEBERRY, FRANCIS RAYMOND","REP"
"P60006244","QUARTEY, MARY AKU","DEM"
"P60006251","SHRUM, RICHARD LYNN MR","IND"
"P60006277","INCE, CECIL ANTHONY","LIB"
"P60006285","PICA, LOUIS S","NNE"
"P60006293","CAPONE, DEAN ALAN MR.","OTH"
"P60006301","SHAHMORADI, ANTHONY AHMED","IND"
"P60006319","BREYFOGLE, PETER HOWARD MR","NPA"
"P60006327","OLEYAR, JEFFREY M","W"
"P60006335","TORREZ, MATTHEW MR.","NNE"
"P60006343","DONGES, KEVIN A","IND"
"P60006350","JACKSON, ROLAND","UNK"
"P60006368","REED, C C","OTH"
"P60006376","PODERS, ERIC M","IND"
"P60006392","TAUS, DAN B.","IND"
"P60006400","MILLIGAN, JEREMY LEE MR.","A99"
"P60006418","KAMINSKY, GLENN MR.","DEM"
"P60006426","LOWE, DONALD EUGENE","IND"
"P60006434","DONALDSON, KENNETH","REP"
"P60006442","GAFFEN, ADAM","IND"
"P60006459","MCNEAL JOHNSON, WILLIAM JOSEPH","IND"
"P60006467","SABBAG, DOUGLAS WALTER","REP"
"P60006475","MACLEOD, ROBERT ALLEN MR. JR.","AME"
"P60006483","JANDA, DARIN DONALD MR","IND"
"P60006491","WHITE, DANIEL","GRE"
"P60006509","BONIFICIA, ANTHONY A JR","REP"
"P60006517","HOWARD, WILLIAM BURN MR","IND"
"P60006525","FOSTER, GREGORY A","IND"
"P60006533","O'GRADY, TIMOTHY PATRICK","IND"
"P60006541","PERERA, RYAN JOSEPH QUINTON MR.","COM"
"P60006558","MURPHY, JUSTIN ROBERT MR","GRE"
"P60006566","SIGSBY, ROBERT WAYNE","IND"
"P60006574","THOMAS, JUDAH","IND"
"P60006582","HOGAN, DANIEL JARED MR","UN"
"P60006590","SHIRLEY, MARK G","NPA"
"P60006608","OATMAN, MICHAEL REVEREND","IND"
"P60006616","BERMAN, MARYANNE BRIDGET","IAP"
"P60006624","FROEBER, WILL MR.","IND"
"P60006632","NAGEL, ERIC","IND"
"P60006640","MOYNIHAN, SHAWN STEPHEN","IND"
"P60006657","MCMANUS, MYLES MR.","UN"
"P60006665","MICKERT, ANDREW CHARLES","OTH"
"P60006673","DEAME, KEVIN","OTH"
"P60006681","MCEACHERN, JENNIFER ANN","IND"
"P60006699","LIVINGSTON, DAVID BLAINE","OTH"
"P60006707","RAFFONE, JOHN LOUIS MR","DEM"
"P60006715","NEFF, CRAIG ALAN MR.","NPA"
"P60006723","RUBIO, MARCO","REP"
"P60006731","MILLER, RAYMOND MELVIN","REP"
"P60006749","LYNCH, WILLIAM THOMAS MR","OTH"
"P60006756","SKEENS, D R","OTH"
"P60006772","OWENS, WARREN PATRICK","UN"
"P60006780","CROMBIE, MELODY ANNE MRS.","REP"
"P60006798","KLINE, CHAD CHRISTOPHER","W"
"P60006806","SALYER, WILLIAM BRIAN","NPA"
"P60006814","LYNCH, DENNIS M","REP"
"P60006822","PERRY, CHARLES CHAZ LELAND III","IND"
"P60006830","VANDEWEGE, MARK ALLEN","IND"
"P60006848","JOSEPHS, KEITH DANIEL MR.","IND"
"P60006855","BLAIR, MICHAEL KENT","IND"
"P60006863","CROSTON, TIMOTHY","NNE"
"P60006871","DUNCAN, LARRY WELDON","NNE"
"P60006889","MOORE, TIMOTHY JAY MR.","REP"
"P60006897","WELLS, ANDRE","W"
"P60006905","UHRIC, RAYMOND JOHN","DEM"
"P60006913","MAUL, LESTER RALPH MR JR","DEM"
"P60006939","DIGGES, WILLIAM MICHAEL MR","LIB"
"P60006947","MOLINELLI, COREY JAMES MR","CST"
"P60006954","LYNCH, DENNIS MICHAEL","REP"
"P60006962","OTT, SUSAN GELBER","DEM"
"P60006970","DELL, CRAIG STEVEN","IND"
"P60006988","WALSH, JOHN R III","DEM"
"P60006996","CHESTER, JOHN CHAPMAN","IND"
"P60007002","EVANS, NICHOLAS","REP"
"P60007010","STRUNK, CHRISTOPHER EARL","NBC"
"P60007028","ERWIN, NICHOLAS DALE MR.","DEM"
"P60007036","MACE, RAYMOND MR.","IND"
"P60007044","SINGLETON, JEROME","DEM"
"P60007051","LICHTENFELS, BRIAN KEITH MR","UN"
"P60007069","LUTZ, RANDALL ROY","IND"
"P60007077","BERHANE, DANIELLE HUSSER","REP"
"P60007085","BOSLEY, MERIDI RICHARDSON","DEM"
"P60007093","EALY, LARRY ELLIS","DEM"
"P60007119","WEIL, RICHARD LYONS","DEM"
"P60007127","GAMBERT, JASON","OTH"
"P60007135","CAISSIE, GARY DAVID","REP"
"P60007143","ZUTLER, DANIEL PAUL MR","IND"
"P60007150","LINDER, MATTHEW STEVEN","DEM"
"P60007168","SANDERS, BERNARD","DEM"
"P60007176","FAAS, SOURAYA","IND"
"P60007184","SNYDER, SPENCER ERIC MR.","IND"
"P60007192","KITTREDGE, GARY STEPHEN","UN"
"P60007200","MOODY, DERICK","OTH"
"P60007218","BIZGA, JOHN CARL","REP"
"P60007226","JEWELL, EDWARD CARLTON, SR","IND"
"P60007234","ASTOR, HOWELL ALEXANDER","DEM"
"P60007242","FIORINA, CARLY","REP"
"P60007259","SMITHERMAN, TONY","OTH"
"P60007267","KELSO, LLOYD THOMAS","DEM"
"P60007275","LIU, GEOFFREY KUANG HUA","W"
"P60007283","PIATT, MARTY MR.","UNK"
"P60007291","JONES-TAYLOR, GAYLE LOLETHA MS","DEM"
"P60007309","DUKE, DOUGLAS HEWITT","REP"
"P60007317","HART, LINDA  J","UNK"
"P60007325","ANTLEY, RAY MILLS JR MD","REP"
"P60007333","MCMENEMY, MICHAEL","DEM"
"P60007341","BROOKS, ARTHUR HERBERT MR. JR","DEM"
"P60007358","BRANDKAMP, SPENCER","W"
"P60007366","MCCUBBINS, LIMBERBUTT","DEM"
"P60007374","NICHOLS, ROGER","OTH"
"P60007382","DEL HIERRO, ARTURO MR","IND"
"P60007390","SCHROEDER, WILL DR","DEM"
"P60007408","O'MARA, DONALD GAIL","IND"
"P60007416","FARKAS, TIMOTHY R","IND"
"P60007424","TUCKER, GARY","W"
"P60007432","ALTIMARI, JOSEPH","IND"
"P60007440","SCROGGIE, JEREMY","IND"
"P60007457","COPELAND, ARLON SCOTT","CON"
"P60007465","DELONG, PAUL","REP"
"P60007473","MOORE, BILLY TOM","IND"
"P60007481","STETSON, JOSEPH ARTHUR","REP"
"P60007499","MILLS, DAVID ALLEN","DEM"
"P60007507","ELLIOTT, JONATHAN LEE","OTH"
"P60007515","WILSON, WILLIE","DEM"
"P60007523","BELL, JAMES JEROME MR.","DEM"
"P60007531","SLEGGS, MARK MR.","REP"
"P60007549","WALKER, HUGH SGT","OTH"
"P60007556","SZCZEPANSKI, MICHAEL GARY DR","REP"
"P60007564","SMITH, JEFFREY LYNN","REP"
"P60007572","PATAKI, GEORGE E","REP"
"P60007580","MCKOWN, DARRELL MACK","DEM"
"P60007598","RICHARDSON, WILLIAM KNOX","HEL"
"P60007606","GOVE, JEREMY","UN"
"P60007622","SZEKELY, ROBERT EDWARD","IND"
"P60007630","BRAUL, HARRY WILLIAM III","DEM"
"P60007648","TURNBULL, JOHN","OTH"
"P60007655","WALKER, MICHELLE 'HOPE'","IND"
"P60007663","JERRY, RENEE KEYA","NPA"
"P60007671","O'MALLEY, MARTIN JOSEPH","DEM"
"P60007689","KEITA, MOHAMMED","DEM"
"P60007697","GRAHAM, LINDSEY O","REP"
"P60007705","WYMAN, KAYE","REP"
"P60007713","VAN ALLEN, HAROLD WILLIAM","NBC"
"P60007721","LIN, DAVID TAWEI MR.","IND"
"P60007739","FORSYTH, JOHN SCOTT","DEM"
"P60007747","GLADSTONE, STEVE","IND"
"P60007754","WINSLOW, BRAD MR.","DEM"
"P60007762","BROOKS, MARK","IND"
"P60007770","THOMPSON, MORRIS KENT MR.","UN"
"P60007788","BARNES, DYJUAN D","OTH"
"P60007796","STEWART, WARREN GREGORY","OTH"
"P60007804","KATT, CORNELIUS JANNIK","OTH"
"P60007812","HOLT, MICHAEL MCGREGOR MR","UN"
"P60007820","TRUITT, PAUL EDWARD DVM","IND"
"P60007838","BOISSELLE, CHAD EUGENE","IDP"
"P60007861","PENT, JEREMIAH","IND"
"P60007879","PERKINS, GARY WAYNE JR","IND"
"P60007887","RODEO, KENNY","REP"
"P60007895","MANLEY, ELIJAH D","IND"
"P60007903","CULLISON, BROOKS ANDREWS","REP"
"P60007929","STERLING, SHAWNA","LIB"
"P60007937","NEWLAND, K. ROSS","REP"
"P60007945","HIGGINSON, ROBERT","LIB"
"P60007952","MYERS, TIMOTHY HAMILTON","IND"
"P60007960","WILHELM, MICHAEL JOSEPH MR","IND"
"P60007978","LARM, DAVID ROBERT MR","UN"
"P60007986","VINCE, ROBERT ANDREW MR. JR","NNE"
"P60007994","GREEN, JIM","DFL"
"P60008000","TORII, DENNIS ROGER JR.","LIB"
"P60008018","CORDOVER, ALEXANDER MR.","LIB"
"P60008026","YOUNG, SUSAN","DEM"
"P60008034","CHEN, JAMES JYHYENN","DEM"
"P60008042","CASTILLEJOS, MICHAEL","FED"
"P60008059","BUSH, JEB","REP"
"P60008067","SCRUGGS, MICHAEL W REVEREND","IND"
"P60008075","CHAFEE, LINCOLN DAVENPORT MR.","DEM"
"P60008083","FARMER, ELMER MR. JR","REP"
"P60008091","MCGINNIS, STEVEN MICHAEL","UN"
"P60008109","NAGLE, GLORIA","IND"
"P60008117","JOHNSON, TYRONE MR","REP"
"P60008125","CORNELL, PHILIP MR.","IND"
"P60008133","COLLINS, JAMES CASEY","DEM"
"P60008141","STEVENS, JESSE LEE MR.","NPA"
"P60008166","MYERS, HILARY HELEN","NPA"
"P60008182","AGUILAR, DANNY GOOGLE","W"
"P60008190","GYURKO, ZOLTAN","OTH"
"P60008208","SPARROW, JACK","IND"
"P60008232","LANG, JENNIFER MARIE DR.","REP"
"P60008240","ASHER, PAUL","IND"
"P60008257","HOFFMAN, RALPH ROBBIE MR. SIR.","DEM"
"P60008265","HANGER, EMMETT W JR","REP"
"P60008273","KENNY, JAMES J","IND"
"P60008281","REID, DERRICK MICHAEL","LIB"
"P60008299","JENNINGS, GERALD JOHN MR. II","CON"
"P60008307","ROGERS, LORREN MR","REP"
"P60008315","VAN BERNUM, GEORGE JOSEPH MR. JR","IND"
"P60008323","GRIBBLE, QUANCIDINE HINSON","DEM"
"P60008331","CIOTTI, ANTHONY MR. III","IND"
"P60008349","ROSENBAUM, ANDREW SCOTT MR.","IDP"
"P60008356","WEBSTER, ANDREW J","IND"
"P60008364","VEGA, ISAAC ADAM MR.","W"
"P60008372","UNSWORTH, MATTHEW ALEXANDER","IND"
"P60008380","SARACENO, JOHN ANTHONY MR.","IND"
"P60008398","JINDAL, BOBBY","REP"
"P60008406","WENTWORTH, RICHARD LEE","OTH"
"P60008414","WESSON, DAVID S","OTH"
"P60008422","SIMPSON, MARY ERWIN","OTH"
"P60008430","TOUCHETTGESS, MICHELE ANN JONES","DEM"
"P60008448","MORCOM, PERRY WAYNE","IND"
"P60008455","HARKINS, SCOTT ALLEN","NPA"
"P60008463","STEVENS, PATRICIA DIANE","W"
"P60008471","RAINEY, KELLEY BRACKEN MS.","OTH"
"P60008489","COSTELLO, REGIS J","IND"
"P60008505","MARTIN, JAMES RAY","REP"
"P60008513","WILEY, MIKE","LIB"
"P60008521","CHRISTIE, CHRISTOPHER J","REP"
"P60008539","CRAWFISH, CRAWFISH","OTH"
"P60008547","PROPSNER, WILLIAM PAUL","REP"
"P60008554","DEVINE, ROBERT","OTH"
"P60008562","WEIGEL, BENJAMIN FRANKLIN","IND"
"P60008570","KLEIN, DARREN ANDREW","OTH"
"P60008588","MORGAN, BRANDON JARED","IND"
"P60008596","EURTON, JOHN","NPA"
"P60008604","UNDEN, COLTON","IND"
"P60008612","MILLS, DAVID ALLEN MR","REP"
"P60008620","LEE..., R....","OTH"
"P60008638","LIBRACE, DAVID","IND"
"P60008646","PITTMAN, WILLIAM A","UN"
"P60008653","BAUCOM, DAVID EDWARD","REP"
"P60008661","NELSON, URYAN MR.","IND"
"P60008679","HAWKINS, TAMEIKA NICOLE","REP"
"P60008687","OLIVEREZ, ESTEBAN MIGUEL MR.","REP"
"P60008695","PATTERSON, STEPHEN MICHAEL","REP"
"P60008703","ASKIN, RAY WILLIAM MR","REP"
"P60008711","ALLEN, DARRYL GLENN MR","IND"
"P60008729","TORKKO, CAROL CONSTANCE MRS.","REP"
"P60008737","JONES, KELBY ANDREW MR.","DEM"
"P60008745","FRATTERSON, TURK YOLNINETIMES MR.","REP"
"P60008752","PERKINS, ANGUS VALENTINO","DEM"
"P60008760","HART, JASON AARON","DEM"
"P60008778","CRAWFORD, PHILIP RASHAD MR.","W"
"P60008786","ELIJAH, ISIS","REP"
"P60008794","THOMAS, MAXWELL","REP"
"P60008802","KARST, RICHARD","HEL"
"P60008828","WICKER, THOMAS M","IND"
"P60008836","FEENEY, GERALD FRANCIS","REP"
"P60008844","JACKSON, SARAH LEE-BUDD","IND"
"P60008851","BOATENG, KWAME APPIAH","REP"
"P60008869","ANZOLI, ARMANDO","REP"
"P60008877","KISSI, ALEXANDER OB. BISHOP","REP"
"P60008885","WEBB, JAMES","UNK"
"P60008893","MERRY, LINDA LOUISE","IND"
"P60008901","HUBER, FRANK STEVEN DAVID II","IAP"
"P60008919","DREW, ARTHUR","IND"
"P60008927","HOPKINS, DONALD R JR","UNK"
"P60008935","HENRY, SELDEN KENNEDY","REP"
"P60008943","MARTINX, ANDY","REP"
"P60008950","YANCEY, FLOYD AZRAEL","IND"
"P60008968","DUBON, TODD NORMAN","REP"
"P60008976","STEPHENS, RENEE ANDRE","UNK"
"P60008984","HARDING, RAYMOND ALLEN MR","CST"
"P60008992","PAYLIN, SARA H. MS. PE","JCN"
"P60009008","ADAMS, JACK LYNN","REP"
"P60009016","LABO, THOMAS MATTHEW","IND"
"P60009024","NICELY, MICHAEL","IDP"
"P60009032","ROHRBACKER, RUSSELL WILLIAM","DEM"
"P60009040","LONG, CHARLES ANTHONY","REP"
"P60009057","DIETRICH, GEORGE WAYNE II","DEM"
"P60009065","BRANNAN, DANIEL LESTER","REP"
"P60009073","PRIBBLE, ROBERT LEONARD II","DEM"
"P60009081","REED, ROBERT J MR","OTH"
"P60009099","CRAY, MARO DAY","LIB"
"P60009107","WALKER, THAI ALLEN REV.","REP"
"P60009115","HANSEN, MAXWELL DOCTOR NO","ACE"
"P60009123","MATHEWS, CORNELUIS","REP"
"P60009131","PALYN, BRYSTOL S. MS.","NPA"
"P60009149","GARCIA, SAMX","IND"
"P60009156","MERCADO, GERMAN QUINONES JR MR","UNK"
"P60009164","CORNERSTONE, DAVID REED","REP"
"P60009172","SARTIN, DAVID WAYNE","IND"
"P60009180","SMITH, THOMAS BENJAMIN","OTH"
"P60009198","NUTS, DEEZ","IND"
"P60009206","BRITT, JOSEPH PATRICK JR","NNE"
"P60009214","WARNER, STANLEY WESLEY","REP"
"P60009222","COVINGTON, STEVEN WAYNE","NPA"
"P60009230","ERWIN, FRANKLIN JAMES","IND"
"P60009248","WATKINS, RICHARD GREGARY","NNE"
"P60009263","HENRY, RUSSELL R","REP"
"P60009289","COBURN, DAVIN","OTH"
"P60009297","FIRMANI, JAMES PARIS","REP"
"P60009305","HAEN, DAVID M","IND"
"P60009313","MCKEEVER, EAMON","ACE"
"P60009321","CELIAN, JEAN","IDP"
"P60009339","NAPODANO, MICHAEL ANDREW","IND"
"P60009347","DIONISIO, ROBERT MR.","IND"
"P60009354","WEST, WARREN PHILIP","REP"
"P60009362","MEADOWS, NATHAN EVAN","REP"
"P60009370","RUSS, DANA GLEN MR","IND"
"P60009388","STAUFFER, SCOTT WESLEY","REP"
"P60009396","GONG, KEVIN","CRV"
"P60009404","THOMPSON, TROY @NEXCEO MR","IND"
"P60009412","SMITH, DARRYL JOHN MR.","REP"
"P60009420","MASSEY, PADDINGTON VERMON MS.","DEM"
"P60009438","KALINCHEVA, MAGDALINA G DR","REP"
"P60009446","DOUGLAS, DIANA LYNN","REP"
"P60009453","GRIG, DAVID AARON","IND"
"P60009461","FOLLANSBEE, JOHN CHARLES MR","NON"
"P60009479","ARCAYA, RENNY","LRU"
"P60009487","CAT, BUDDY THE","DEM"
"P60009495","EDEN","DEM"
"P60009503","KORB, STEVEN GERARD","IND"
"P60009511","COYNE PHD, THOMAS JOSEPH","REP"
"P60009529","MITCHELL-KING, CHARLES IVAN","IND"
"P60009537","FRANCO, RICHARD ALAN MR.","DEM"
"P60009545","ROOSEVELT, JOHNNY GODDAMN MR","OTH"
"P60009552","HANSON, ROBERT DONALD","REP"
"P60009560","RUBIN, HOWIE","OTH"
"P60009578","MIKLOS, GEORGE D","AIC"
"P60009586","BENN, CHANDLER ASHMUN MR.","IND"
"P60009594","MONTGOMERY, KEVIN J","IND"
"P60009602","BAIRD, DUSTIN ALAN","W"
"P60009610","HAMMON, ANITA","REP"
"P60009628","LEGATE, JAMES WALTER JR","TX"
"P60009636","ALSUP, WILLIAM","IND"
"P60009644","BRIGGS, BRIAN JAMES","IND"
"P60009651","OCKANDER, PATRICK ANTHONY MR.","LIB"
"P60009669","THE ELF, BUDDY","W"
"P60009677","TOLOS, PERRY MR.","NPA"
"P60009685","LESSIG, LAWRENCE","DEM"
"P60009701","MCCOIG, NIKKI","UNK"
"P60009719","HARDIE, MARK CHARLES","DEM"
"P60009727","PEULER, MICHAEL HENRY","IND"
"P60009735","FARNELL, CHRISTOPHER","REP"
"P60009743","MCKENNA, PATRICK REV.","OTH"
"P60009750","OAWLAWOLWADOL, PRINCESS","NNE"
"P60009768","NUNO, ROGELIO","IND"
"P60009776","HOLLOWAY, ROBERT JR","NNE"
"P60009784","COLE, JOHN","IND"
"P60009800","MCKEEN, JEREMY MARC","DEM"
"P60009818","KALINCHEVA, MAGDALINA G DR","REP"
"P60009826","BRICENO, JAIRO I","REP"
"P60009834","ISRAEL, ABRAHAM","REP"
"P60009842","BOARMAN, DAVID DEE","IND"
"P60009859","MESSINA, PETER","REP"
"P60009867","CREWS, RICKY DANIEL","REP"
"P60009875","GIORDANI, ROCKY MR.","IDP"
"P60009883","DOG, BAILEY D.","IND"
"P60009891","SCHWARTZ, GUY DONALD","NON"
"P60009909","MARTIN, ALONZO TABLET SR","REP"
"P60009917","KENISTON, CHRISTOPHER ROBERT MR.","VET"
"P60009925","WILLIAMS, RYAN CHARLES","DEM"
"P60009933","WHITAKER, BOB","OTH"
"P60009941","WALKER, JARED","IND"
"P60009958","ESPINOSA, GEBY E","REP"
"P60009966","SMITH, ROBERT ALLISON JR","IND"
"P60009974","SKETCH, TOM BRADY","W"
"P60009982","GLEESACK, DANE","COM"
"P60009990","LE FEELS, PEPE RARE","IND"
"P60010006","GUTIERREZ, KRISTOPHER JAMES DR.","DEM"
"P60010014","HEYMAN, AARON","NNE"
"P60010022","EDOM, JEREMY LEE MR.","IND"
"P60010030","GILBERTSON, MATTHEW ROBERT MR.","IND"
"P60010048","BAE, ELSA IS","UN"
"P60010055","FINNELL, JACOB MR.","IND"
"P60010063","KUSH, DANK ASS KAPTAIN","IND"
"P60010071","KOONTZ, ASHTEN WILLIAM","IND"
"P60010089","ICE, ELSA QUEEN","IND"
"P60010097","FOR PRESIDENT, ROBERT HAINES","REP"
"P60010105","SMITH, DEVON MICHAEL","LIB"
"P60010113","BUGARSKI, LUKA","DEM"
"P60010121","CINELLO, JOSEPH VINCENT MR.","LIB"
"P60010139","TAGUE, JORDAN","DEM"
"P60010147","MONDA, CHRISTOPHER","DEM"
"P60010154","VAN ALDERWERELT, ADAM","NPA"
"P60010162","UNDERWOOD, FRANCIS J","DEM"
"P60010170","MCLEAN, ANDREW GREGORY","IND"
"P60010188","SCHAFER, SCOTT PRESTON","NPA"
"P60010196","STANG, TIMOTHY JAMES","OTH"
"P60010204","FER, LUCI MRS.","IND"
"P60010212","RODGERS, JOSEPH","NON"
"P60010220","SMITH, SATAN KING","OTH"
"P60010238","NEESE, BRETT REED","IND"
"P60010246","SATAN, KING PRESCOTT","JCN"
"P60010253","SKOVIRA, JOSHUA A","IND"
"P60010261","PRINCE OF DARKNESS, SATAN LORD OF UNDE","REP"
"P60010279","AMEDE, AARON","DEM"
"P60010287","SHELTON, WILLIAM","NNE"
"P60010295","JALLOH, ABU BAKARR MR JR","IND"
"P60010303","HAMLIN, QUINN","IND"
"P60010311","CAPPS, WILLIAM ROBERT JR","IND"
"P60010329","SHUFELT, THEODORE A JR.","LIB"
"P60010337","EDDY, JASON","IND"
"P60010345","CERMAK, ANDREW","IND"
"P60010352","DESCHENES, JESSE","IND"
"P60010360","DARK, DOGE COIN DOGED","UN"
"P60010378","WHEELER, MICHAEL JAMES","NNE"
"P60010386","LONGDICK, TYRONE","IND"
"P60010394","CHOWDER, SOHAN MR.","FSP"
"P60010402","SIMMONS, MICHAEL GENE MR.","REP"
"P60010410","SOTERO, GILBERT MR. JR","IND"
"P60010428","HAYES, RICKY DOUGLAS MR.","IND"
"P60010436","BREN, BMDIG","REP"
"P60010444","SAVVY, SUMMER A MRS.","IND"
"P60010451","WAGNER, JEFFREY ALAN","OTH"
"P60010469","COLEMAN, O'BRIAN MCNEIL","IND"
"P60010477","HOWENSTEIN, RICHARD CAHRLES MR II","LIB"
"P60010485","MARTIN, CATHERINE","IND"
"P60010493","LYNN, CHRISTOPHER","IND"
"P60010519","SURE, NOT MR.","SOC"
"P60010527","POXTIFICATE, CRANTIFFINUS ADRAGUIZES D","COM"
"P60010535","AAA, TRUEPROSNC","REP"
"P60010543","ANCHONDO, HECTOR RUBEN","NPA"
"P60010550","PAPPAS, JOHN ANDREW","OE"
"P60010568","WILLIAMS, BRIAN PIERRE MR.","DEM"
"P60010576","GARGIULO, ANDREW MICHAEL MR.","DEM"
"P60010584","SORRENTINO, MICHAEL","IND"
"P60010600","WIMMER, MARK DAVID MR.","NPA"
"P60010618","CHENYWORTH, TONEY EVERETT","IND"
"P60010626","LANNISTER, TYRION MR.","HOL"
"P60010634","CRATCH, CLYDE OTTIS MR 3RD","IDP"
"P60010642","VAN ORDEN, MAXIMUS","IND"
"P60010659","PICARD, JEAN-LUC","NNE"
"P60010667","LOURNG, VICTOR","IND"
"P60010675","GOODMAN, WILLIAM WOLF III","W"
"P60010683","AKA THE PROPHET AKA EARL, TRIPPYCUP AK","FED"
"P60010691","STUFF, BUTT","IDP"
"P60010709","SANITY, BRINK","REP"
"P60010717","BIZZLE, RANDALL","REP"
"P60010733","MAHER, MAHER","COM"
"P60010741","BAZER, SAM CLARK","DEM"
"P60010758","CARROLL, IAN","IND"
"P60010766","BOIE, JAMISON G","IND"
"P60010774","MULLINS, BAIN","FRE"
"P60010782","FALJEAN, GREGORY ZENNES","OTH"
"P60010790","SARR, ABDOULLAHI AL-HAKIM MR","IND"
"P60010808","PETROVIC, NENAD","IND"
"P60010816","WILLIAMS, DANIEL RAY MR.","IDP"
"P60010824","DONOVAN, NED DAHL MR","FED"
"P60010832","LUTHOR, ALEXANDER JOSEPH","IND"
"P60010840","JORDAN, MICHAEL MR.","IND"
"P60010857","DOVER, BENJAMIN","IND"
"P60010865","ZAJAC, ALEC HENRY MR.","IND"
"P60010873","CANDIDATE, UNDERAGE","NNE"
"P60010881","KESELOWSKI, BRIAN ALLEN MR.","IND"
"P60010899","MARKGRAF, BENJAMIN COLT","LIB"
"P60010915","DOG, VERY ODD","NLP"
"P60010923","TEMPELMEYER, DREW MARSHALL","IND"
"P60010931","MILLER, ALEXANDER","UN"
"P60010949","CRUNCH, CAPTAIN","IND"
"P60010956","RUSSO, MUGSY","IND"
"P60010964","CASTRO RUZ, FIDEL","COM"
"P60010972","DVINANIN, ALEXANDER","IND"
"P60010980","DADDY, CAM SIR","DEM"
"P60011004","EEM, HA GOT MR.","IND"
"P60011012","BALBOA, ROCKY","IND"
"P60011020","HARDING, MATTHEW","UN"
"P60011038","LILLARD, DAVID JAMES DR.","REP"
"P60011046","AVILA, ISABEL GABRIELLA","DEM"
"P60011053","BAXTER, STOUTHEART","DOG"
"P60011087","GORDH, ALEXANDER SOY SAUCE AND TATERS ","NAP"
"P60011095","REAGAN'S GHOST, RONALD MR.","IND"
"P60011103","MACKINTOSH, COLIN","NON"
"P60011111","STEWART, DALVIN MARQUIS","IND"
"P60011129","THOMAS, JOSHUA","UN"
"P60011137","SHUE, NOAH","DEM"
"P60011152","GENDREAU, EVAN","REP"
"P60011160","ROSTRON, ELIJAH DAVID","OTH"
"P60011178","SHADY, SLIM SACK MR.","AMP"
"P60011186","GOKU, FREDERICK LINDSEY LOHAN EMPEROR","IDP"
"P60011194","JOHNSON, AIDAN","DEM"
"P60011202","DAVIS, KLINTON PATRICK","IND"
"P60011210","ANNATAR, SAURON TAR","IND"
"P60011228","BALDWIN, DOUGLAS JOHN MR","NNE"
"P60011236","WITTER, JUSTIN PAUL","CON"
"P60011244","LEDNOVICH, MICHAEL ANTHONY MR.","IND"
"P60011251","WALL, BRIAN MAJOR SR.","W"
"P60011269","JENSEN, IRVING FREDRICK IV","LIB"
"P60011285","SHUNNAR, KATEB NUIR","IDP"
"P60011293","MCCARTHY, JOHN EDWARD MR.","REP"
"P60011301","BREN, BIG","REP"
"P60011319","MCGUIRE, SCOTTIE JR","IND"
"P60011327","KAWAII, SPARKLE LADY","IND"
"P60011335","WILLINGHAM, JOHN WILLIAM","REP"
"P60011343","CURREN, WILLIAM FRANCIS V","COM"
"P60011350","NUTZ, DEEZ W.","OTH"
"P60011368","HAMSTER, LUCILLE","OE"
"P60011376","SAVAGE, DAVID","W"
"P60011384","CROSLEY, PATRICK","IND"
"P60011392","BERGIN, CATHAL","I"
"P60011400","LOCKER, KYLE","CON"
"P60011418","GROVOM, STANLEY ARTHUR","WTP"
"P60011426","NUTS, BOFA DEEZ","IND"
"P60011442","DAWLI, ABOUD J MR.","NPA"
"P60011459","DOLL, NATHANIEL ROBERT","UN"
"P60011467","GARAY, ABRAHAM CARRASCO MR.","IND"
"P60011475","VALDEZ, LANINE","DEM"
"P60011483","FROG, PEPE LE MR.","IND"
"P60011491","MACPHERSON, CLEO WALTER","W"
"P60011509","TURNER, TOMMY","NNE"
"P60011517","BERRY, JOEY","IND"
"P60011525","SLACK, STEVEN JOHN MR","COM"
"P60011533","PUSSY, DIS","DEM"
"P60011541","MARTIN, JOHN DAVID","DEM"
"P60011558","HURT, SAMUEL LEVI RABBI","W"
"P60011566","BLOCKER, BRITTANY G","UN"
"P60011574","SHOWALTER, ALEXANDER","IND"
"P60011582","BORNE, JASON","OTH"
"P60011590","DAHMER, JEFFREY","IDP"
"P60011608","MCKOCKENER, BERRY JO MR.","REP"
"P60011616","MAGOLNICK, MICHAEL","IND"
"P60011624","JANICE, HUGH NICHOLAS MR.","DEM"
"P60011632","ANDERSON, JOHN LESTER MR","POP"
"P60011640","BURNS, SEAN","IND"
"P60011657","JOHNSON, KRYSTAL SHANTRELL MS.","DEM"
"P60011665","ASS, DAT","IND"
"P60011673","FOX, AUSTIN CLAY","AIP"
"P60011681","DUTRA, NORMAN","IND"
"P60011699","SNOW, KYLIE R","PAF"
"P60011707","CLAYTON, MICHAEL EUGENE","IND"
"P60011715","JANE, MARY","LIB"
"P60011723","SIMMONS, ANDREW","CST"
"P60011749","BAKER, JESSE","UNK"
"P60011756","FELICIA, BYE","IND"
"P60011764","KURDZIEL, ANTHONY MR","DEM"
"P60011772","HENKE, ANTHONY","UN"
"P60011780","THOMPSON, CHRISTOPHER LEE MR.","IND"
"P60011798","THORNTON, TYLER ANTHONY MR.","W"
"P60011806","HURLEY, DECLAN MCKOWAN MR. I","IND"
"P60011814","SMOOTH, BILLY D. MR","IND"
"P60011822","HALL, MILES L","OTH"
"P60011830","MYY NIGGA, MYY NIGGA N","NAP"
"P60011848","LITTLE, DAN","IND"
"P60011855","REISBORD, SAMUEL M.","IND"
"P60011863","ICKES, JESUS DOG LORD","W"
"P60011871","ROUSSEAU, THOMAS MR.","IND"
"P60011889","MODE, BEAST","NNE"
"P60011897","BROWN, BRANDI MISS","IND"
"P60011905","DAUB, MICHAEL","NNE"
"P60011913","THOSE, WHAT R.","I"
"P60011921","SALAD, JEWISH JAMES MR.","IND"
"P60011939","STEVENS, ADAM DANGER","UN"
"P60011947","SHIBA, MAME","IND"
"P60011954","FALCO, ALEXANDER JOHN MR.","IND"
"P60011962","LEILI, ADAM DANIEL","REP"
"P60011970","COOKIES, 'MURICAN","DCG"
"P60011988","ZEALOT, COOKIE SIR","NPA"
"P60011996","BROWN, BENNETT JAMES","IND"
"P60012002","SEATTLE SEACHICKENS, SUCK","OTH"
"P60012010","SCHRUTE, DWIGHT","IND"
"P60012028","THE CLOWN, BIPPY","NNE"
"P60012036","CUMMINGS, ROBERT JIMMIE","IND"
"P60012044","GOINS, BRYSON DAVID","IND"
"P60012051","DUKE, DEON LEWIS","OTH"
"P60012069","THOOOOOOSE, WHAT ARE","IND"
"P60012077","ROLLINS, BEN","NPA"
"P60012085","KENOBI, OBI WAN JEDI.","OTH"
"P60012093","BOWMAN, JOSEPH LEE","DEM"
"P60012101","GONZALEZ, JOHNNY R. MR.","OTH"
"P60012119","PALMIERI, LUKE","NNE"
"P60012127","LAPLANTE, RONALD JOHN II","NPA"
"P60012135","BIDEN, JOSEPH ROBINETTEE","DEM"
"P60012143","BIDEN, JOE R","DEM"
"P60012150","TONSING, EDWARD MICHAEL","UN"
"P60012168","KAN, JONAH ABRAHAM","IND"
"P60012176","PRUE, REECE","IDP"
"P60012184","BALLSACK, DONALD TRUMP'S HAIRY KING","UST"
"P60012192","VAYNBLAT, SAMUEL R MR","GRE"
"P60012200","STEINHORN, JASON SCOTT MR.","IND"
"P60012218","STRICKLAND, TIMMY WAYNE","REP"
"P60012226","NIPPERT, BRIAN","IND"
"P60012234","JOHNSON, JOHN FITZGERALD MR.","IND"
"P60012242","EDWARDS., JASEN LEMAR EX.","UNK"
"P60012259","DE GATTO, VENUS BELLA MS.","PFP"
"P60012267","PARADISE, CHRISTOPHER JOHN SENIOR","REP"
"P60012275","WOW, DOGE","UNK"
"P60012283","PAUL, JEFF","HSA"
"P60012291","COX, AUSTIN","DEM"
"P60012309","GLOVER, DONALD","NON"
"P60012317","LAWSON, PATRICK STEVEN JR","IND"
"P60012325","PRESTE, PAUL GEORGE","DEM"
"P60012333","CLINTON, BILL","DFL"
"P60012341","TRIAD, CHANG GANG","COM"
"P60012358","FALKENRATH, CHRISTOPHER JAMES","W"
"P60012366","HANNURABI, HEAVEN","IND"
"P60012374","FRIZZO, CHRISTOPHER KRISHNA","OTH"
"P60012382","HENWOOD, DOUGLAS FRANCIS","IND"
"P60012390","CARTEE, JAMES R. REV. JR.","DBP"
"P60012408","NEURO, XAVIER G.","DEM"
"P60012416","FLASH, ZAKK DR.","OTH"
"P60012424","TORO, DAVID JOSEPH MR.","IND"
"P60012432","PANTS, CRANKY","IND"
"P60012440","SHACKLEFORD, RUSTY MR.","IND"
"P60012457","LYNCH, MARSHAWN","PAF"
"P60012465","BIDEN, JR., JOSEPH R.","DEM"
"P60012473","PERICOLO, ANTHONY AMERIGO MR.","REP"
"P60012481","WILSON, JAMES GRAHAM DR.","W"
"P60012499","WOOKAS, MISTER","W"
"P60012507","FRENCH, JUDITH ALLISON","NON"
"P60012515","PAWTER OF GRYFFINDOR, HAIRY JAY-MZ MC","I"
"P60012523","POTTER, HARRY THE MLG WIZARD ULTRA-MC ","CMD"
"P60012531","BASELTON, PAISLEY BAYWEAF MS.","IND"
"P60012549","RIESENBECK, KYLE REV.","IND"
"P60012556","HOLLIDAY, DANA ALLISON MS","W"
"P60012564","DOYLE, SHERBRONY SHERBY","IND"
"P60012572","DURHAM, NATHAN","COM"
"P60012580","MINI SCHNAUZER, REMO CUTEST DOG EVER","DOG"
"P60012598","CATRINA, JASON ANTHONY","IND"
"P60012614","REGIS, JOSE","VET"
"P60012622","DIRWELL, TAZ","RTL"
"P60012630","SHUTT, ZACHARY DEREESE","DEM"
"P60012648","SNEMIS, JACOB ALEXANDER","AKI"
"P60012655","TOLMACH, ROBERT","IND"
"P60012663","ERB, TOM C.","IND"
"P60012671","DURBY, TRACY ANNE","IND"
"P60012689","HURD, CHRISTOPHER ROBERT","IND"
"P60012697","CHUNG, ANDREW HEARTDOC","IND"
"P60012705","CHICKEN, FROSTY","IND"
"P60012713","WOLFCHILD, REBECCA MRS.","DEM"
"P60012721","CLARKSON, JEREMY CHARLES ROBERT PRESID","NPA"
"P60012739","MARTIN, ERIC BROOK MR","W"
"P60012747","PARKS, DANIEL KITTREDGE","PAF"
"P60012754","TESENY, PAUL ANTHONY MR","IND"
"P60012762","LIBBY, JAMES A.","IDP"
"P60012770","MAXWELL, KENNY MAI BALLZ MR","REP"
"P60012788","BANNERMAN, JOSEPH","IND"
"P60012796","WARREN, ELIZABETH ANN","DEM"
"P60012804","MOREAU, CHRISTOPHER ANDREW MR.","IND"
"P60012812","DOLT, CAMERON MICHAEL","COM"
"P60012820","ROBINSON, JACOB ANDREW","W"
"P60012838","ABDULHAMID, AMMAR","IND"
"P60012846","GUMP, FORREST","DEM"
"P60012853","SPIKEY, PORCUPINES R. MR. JR.","AIP"
"P60012861","SOFFER, YASH PAL","NNE"
"P60012879","MASSIVE, JAYNUS HUGH","OTH"
"P60012887","ELDER, MICHAEL DAVID","OTH"
"P60012895","YEO, BRECKEN","IND"
"P60012903","HOD, BEN C. DR.","IND"
"P60012911","ANNA, SANTA MR. THE III","REP"
"P60012929","TOSH, DANIEL DWIGHT SIR","COM"
"P60012937","PARKER, DAVID","NNE"
"P60012945","TURTON, KYLE FLUFFY","IND"
"P60012952","KUMRO, CHRISTOPHER EVERETT","IND"
"P60012960","SKEWES, PETER ALAN PH.D.","AMP"
"P60012978","THE PUPPET, ZIBBLE","NPA"
"P60012986","COLEMAN, RONALD W","LIB"
"P60012994","MCCLANAHAN`, TIMOTHY W","PRO"
"P60013018","PADGETT, DEVON DEEZ NUTZ","REP"
"P60013026","VOCAL, PAVEL MR.","UNK"
"P60013034","FRAZEE, PHILIP","IND"
"P60013042","GUY, BLUE HAIR","IND"
"P60013059","OSTROM, DAVID BRADY","REP"
"P60013067","VILLOPOTO, MICHAEL","IND"
"P60013075","MILLS, JESSI LYNN","REP"
"P60013083","ISAAK, RICK","IND"
"P60013091","COCO, AUSTIN BASIL","LIB"
"P60013109","CHROBOCINSKI, TYLER JAMES","IND"
"P60013117","GOTTFRIED, MATTHEW RYAN MR.","REP"
"P60013125","SMERKOL, SAMUEL JOHN MR. JR.","UN"
"P60013133","ROBBINS, DAVID MICHAEL","PPY"
"P60013141","HU, TAIGE","IND"
"P60013158","DANIELSON, STENTOR","OTH"
"P60013166","EDMONDSON, JEB","OTH"
"P60013174","HU, TIGER","IND"
"P60013182","FERNANDEZ, DANIEL","UN"
"P60013190","TAYLOR, TROY EMERY","REP"
"P60013208","HARMER, WILLIAM JOESEPH MR.","SUS"
"P60013216","ME, HAVE SEX WITH","UN"
"P60013224","LYNAH, CAMERON THOMAS","W"
"P60013232","MOONEY, JOHN MR,","IND"
"P60013240","LMAO, AYYY","COM"
"P60013257","YAMAMOTO, BRANT","COM"
"P60013265","TRUMP, SELAM MRS.","IDP"
"P60013273","RACEBAITER, IM A SE?OR ESQ","GWP"
"P60013281","SHERRIL, PETER W.","REP"
"P60013299","PIRTLE, WILLIAM ANDREW","IND"
"P60013307","PETE, SNEAKY MR","IND"
"P60013315","QURAISHI, AMMAD UDDIN","NPA"
"P60013331","DENTON, BRYAN","REP"
"P60013349","JOHNSON, ERIC PAUL","DEM"
"P60013356","DAVIS, ERVIN ANTHONY MR","IND"
"P60013364","CRISP, CALEB ALLEN LORD","REP"
"P60013372","GROVES, JAMES RYAN","IDP"
"P60013380","BIN LIFTIN, OSAMA","UN"
"P60013398","DIETRICH, GRAYSON DEAN","DEM"
"P60013406","DRAY, JON PRESCOTT","REP"
"P60013414","CROSS, ALEX LLOYD","IND"
"P60013422","CATS, SEYMOUR","IND"
"P60013430","CHOLLETT, RICKY LEE","REP"
"P60013448","POTTER, ARTHUR (ART) JOHN IV","REP"
"P60013455","DRAKE, BRIAN PADRICK MR","OTH"
"P60013463","COOPER, LUKE ROBERT THOMAS","IND"
"P60013471","EXLEY, JOHN SBB DOCTOR","HRP"
"P60013489","CARTMAN, ERIC","IND"
"P60013497","UN, KIM JONG","IND"
"P60013505","DUFFY, COLMAN JOSEPH MR","DEM"
"P60013513","HUTCHINSON, MATTHEW","UN"
"P60013521","MENZIE, BRETT","W"
"P60013539","GOODMEME, JOHNNY","IDP"
"P60013547","PEPE, RAREST","UNK"
"P60013554","LEAHY, BRENNEN MICHAEL","FRE"
"P60013562","YANCEY, ITAI GEORDAE MR.","IDP"
"P60013570","DICK, TIPA DIS","IND"
"P60013588","BRADY, KRISTYNA","REP"
"P60013596","THE SAVAGE, WALT","IND"
"P60013604","MANIS, ROBERT","IDP"
"P60013612","ROHDE, BRANDON CLARK","IND"
"P60013620","HOWARD, CHELENIE","OTH"
"P60013638","ERICKSON, KEITH","UN"
"P60013646","ALLEN, NICHOLAS ADAMS","OTH"
"P60013653","RICH, RANDY CLYDE","IND"
"P60013661","BROWN, MARK ALAN","NPA"
"P60013679","PICCOLA, FRANK CARL","NPA"
"P60013687","STEHM, DANIEL","REP"
"P60013695","TROLLS, WHY SO MANY","IND"
"P60013703","WISCHMEYER, SCOTT EDWARD","PRO"
"P60013711","SWANSON, PARKER AKA P-SWANEY","COM"
"P60013729","GELADE, CHRONO","IND"
"P60013737","NUTS, CEEDEEZ","IND"
"P60013745","BALDWIN, DUSTI","CRV"
"P60013752","LEE, ALEXANDER","IND"
"P60013760","GOULD, MARCUS LEWIS","DEM"
"P60013778","CHILDS-O'DOWD, LOUIS ANTHONY MR,","IND"
"P60013786","STONER, MEGAN","REP"
"P60013794","A WANDRLUSTR, DOT COM","NAP"
"P60013802","WOZNIAK, MARIO FRANCIS","DEM"
"P60013810","DAD, SOUTHERN","NNE"
"P60013828","DOG, MOOSE THE","JCN"
"P60013836","POUND, DICK YOUR MOM","RTL"
"P60013844","VAINIK, HUNTER OLIVER","COM"
"P60013851","ISHERE, SECURITY XAT BIGBOY","IND"
"P60013869","DURRITOS, JARRITOS","IND"
"P60013877","CARLTON, ZEDEKIAH ALEXANDER","DEM"
"P60013885","CARROLL, GARRETT ALAN","IND"
"P60013893","GASTROCK, JARED MICHAEL DR.","W"
"P60013901","LAPAN, KASEY RYAN","REP"
"P60013919","NORTHUP, PETER MR. II","REP"
"P60013927","FSOCIETY, FSOCIETY FSOCIETY FS FS","RUP"
"P60013935","CUEVAS, NICK","REP"
"P60013943","HAAG, JOSHUA","AIP"
"P60013950","BILLSHOT, ELWOOD KIRK D MR. BAILEY","IAP"
"P60013968","STEF, MEL","IND"
"P60013976","MCGHEE, ROBERT MR.","REP"
"P60013984","AMOROSO, JACOB PATRICK MR.","GRE"
"P60013992","ADDVENSKY, MICHAEL EDWARD","REP"
"P60014008","COWSER, MICHAEL","OTH"
"P60014016","WANG, AVIVA","DEM"
"P60014024","SHEWBERT, DUSTIN RYAN MR SR","REP"
"P60014032","MOUSE, MICKEY","W"
"P60014040","BOB, AMBIGUOUS VII","UN"
"P60014057","WILSON, RYAN","NPA"
"P60014065","FERRISS, JAMES HENRY DANEKER","REP"
"P60014073","KOST I, ERIC ALBERT DAVID","REP"
"P60014081","SHANLEY, BRIAN JAMES","REP"
"P60014099","SCHATZ, BRENT THORN","IND"
"P60014107","JAMES, TOBUSCUS","DEM"
"P60014115","EVANS, KEVIN","W"
"P60014123","HOES, BROS BEFORE","IND"
"P60014131","UNTERKOEFLER, DYLAN MR.","IND"
"P60014149","BOSCHMA, BRADLEY JERROLD","DEM"
"P60014156","SHANNON-REASONER, BARRY SUNSHINE","NPA"
"P60014164","GUY, CAPE","AKI"
"P60014172","DERBY, MATTHEW MR.","IND"
"P60014180","BUSH, JORGE","IND"
"P60014198","SMITH, RYAN","IDP"
"P60014206","POWELL, JOHN MARC","NNE"
"P60014214","MITCHELL, EMILY","IND"
"P60014222","TAUBE, DERICK DEAN","W"
"P60014230","FAKE, THIS IS","REP"
"P60014255","DUFFY, HUNTER","IND"
"P60014263","ALLEN, BENJAMIN","IND"
"P60014271","HIP HOP FOR PRESIDENT","DEM"
"P60014289","COOPER, MATTHEW JAMES","REP"
"P60014297","MCMENAMIN, DAVID A","LIB"
"P60014305","BRANDENBURG, JUSTIN MICHAEL","IND"
"P60014313","HICKMAN, DAVID P. MR.","IND"
"P60014321","LENTS, BRAYDYN GIOVANNI","REP"
"P60014339","DUBS, DUB-","IND"
"P60014347","RAMIREZ, JAMES ANDREW MR.","LBL"
"P60014354","KNOWLES, BEYONC? GISELLE","NNE"
"P60014362","MINAJ, NICKI","NNE"
"P60014370","LUTOSTANSKI, JEFF MR.","IND"
"P60014388","CLARK, WILLIAM","LIB"
"P60014396","COMLEY, STEPHEN BRADLEY SR","REP"
"P60014404","BLANKA, PINAR VOM","LIB"
"P60014412","CAMPOS, ALLEN EUGENE","DEM"
"P60014420","WHY NOT ZOIDBURG","OTH"
"P60014438","MOBLEY, BYRON RUSSELL MR","IND"
"P60014446","AAAAAAAAAAAAAAAAAAAAAAAAAAAAAA, AAAAAA","DEM"
"P60014453","ADAMS, THOMAS ALAN MR","IND"
"P60014461","ABLEIDINGER, PHILL ALEXANDER","DEM"
"P60014479","BORAY, GIRIDHAR K DR","IND"
"P60014487","MATTINGLY, BRANDON","UNK"
"P60014495","EMERY, JARED ALAN 'FLASH'","DEM"
"P60014503","COBURN, TANNER L","DEM"
"P60014511","CRISPY, JA'","IND"
"P60014529","SPRUYT, JAMES ANDREW MR","IND"
"P60014537","WALKER, DAVID ROCKSTAR","REP"
"P60014545","COOK, ERIC THOMAS","IND"
"P60014552","RUCKER, AARON DWAYNE","NNE"
"P60014578","HEMAUER, RYAN B","DFL"
"P60014586","COOPER, DERRICK WADELL","APF"
"P60014594","NORTHCUTT, GREEN","LIB"
"P60014602","LIGHTNING, WHITE","GAD"
"P60014610","MCAVERAGE, NORMAL","IDP"
"P60014628","FALDRAGA, SAMUEL","IND"
"P60014636","GALLO, JEFF","IND"
"P60014644","MENGES, RYAN M. SIR","WA"
"P60014651","NARNIA, COCO","IND"
"P60014669","DOG, SAMMY BJ","IND"
"P60014677","BEZEK, CHRISTIAN","IAP"
"P60014693","PEPPER, DOCTOR","AIP"
"P60014701","HUGGINS, ANDREW NOBLE","NNE"
"P60014727","EVERDEEN, KATNISS MS.","IND"
"P60014735","MARTIN, ANDREW NOMORECPD","UNK"
"P60014743","FRIEZA, LORD","IND"
"P60014750","MINIX, ROBBY JAMES","IND"
"P60014768","PAYAN, JESUS JR.","DEM"
"P60014776","MCAFEE, JOHN DAVID","LIB"
"P60014784","DONELSON, ANDREW","NON"
"P60014792","DRAKE, WILEY SMEAD","NNE"
"P60014800","TRAMP, DONALD","UST"
"P60014818","ASS, MMMM DAT MR.","IND"
"P60014834","BARO, PARKER JOHN","NPA"
"P60014842","PEASE, JEFFREY SCOTT CAPTAIN II","W"
"P60014859","MCSATANANTICHRIST, CHILDEATER/MOLESTER","REP"
"P60014867","POONTANG OLE BISCUIT BARREL, TARQUIN F","SIL"
"P60014875","WELCH, VICTOR M. W. REVEREND","OTH"
"P60014883","LANGAN, DOUGLAS GARRETT REV. DR.","W"
"P60014891","DUMP, TRONALD","REP"
"P60014909","ROBINSON JR, JACK BURTON","LIB"
"P60014917","ROBINSON, CINDY ANN","IND"
"P60014925","JOY, MATTHEW","OTH"
"P60014933","RAMIE, TIFFANY KISHWANDA","DEM"
"P60014941","PRICE, ROSS","UNI"
"P60014958","BURWELL, TROY","IND"
"P60014966","WALSH, BRUCE MR","DEM"
"P60014974","ORTIZ, ANDREW RONALD","IND"
"P60014982","BRACKMAN, BLOSSOM V","NNE"
"P60014990","PINON, GILBERT PAUL","DEM"
"P60015005","DAITCH, DAVID JAY MR","W"
"P60015013","PENDLETON, CATHY JOHNSON","DEM"
"P60015021","BAXTER, ADAM CRAIG MR","NPA"
"P60015039","RITZ, LEONARD","UN"
"P60015047","TERAN, VIRGINIA MORALES MS","DEM"
"P60015054","RUCINSKI, GABRIEL","OTH"
"P60015062","POPLIN, SVEN","NPA"
"P60015070","NUTZ, HOLD MA","UST"
"P60015088","PULAK, THABIT","UN"
"P60015096","HENNING, GARY WAYNE MR.","REP"
"P60015104","HALLOWAY, MARK ROBERT","REP"
"P60015112","QUINCEL, ROBERT TODD","DEM"
"P60015120","COFER, DANE","IND"
"P60015138","COFER, DANE TAYLOR","DEM"
"P60015146","COFER, DANE T. S.","REP"
"P60015153","PRESIDENT, BANANA FOR","UN"
"P60015161","TAYLOR, RYLAN","MLG"
"P60015179","SOLTAU, JOSEPH SHANE","NNE"
"P60015187","IRIZARRY, MICHAEL JOHN","IND"
"P60015195","WRIGHT, JOHN MING THE MERCILESS","IND"
"P60015203","PALUMBO, PAUL","ME"
"P60015211","KUSH, BANANA DANK REVEREND","USM"
"P60015229","B, LIL BASED GOD","DEM"
"P60015237","BRYAN, JOHN","OTH"
"P60015245","JOSHI, ANIK MR","IND"
"P60015252","CLARK, JAYDEN MICHAEL MR","IND"
"P60015260","JNAWTS, HUGH LXIX THA MC","IND"
"P60015278","HAKEEM, JAWAD HASHEM","DEM"
"P60015286","DRAGON, MX. ACTUAL LITERAL","SUS"
"P60015294","CAT, COURTHOUSE D","IND"
"P60015302","TOPICZ, JERRY","IDP"
"P60015310","CANADA, JOE",""
"P60015328","DAVIS, LANCE UGLY NATION MR","NPA"
"P60015336","BROWN, KENNEDY KING MR.","DEM"
"P60015344","CTHULU, OURLORDANDSAVIOR DR.","COM"
"P60015351","BASIAGO, ANDREW DANIEL","IND"
"P60015369","FIECHTNER, F CHARLES ADAM SR",""
"P60015377","FIEDLER, MICHAEL WILLIAM MD","IND"
"P60015385","RANDY SAVAGE, GHOST OF MACHO MAN","DEM"
"P60015393","ZAMANSKI, JEFFREY","W"
"P60015401","HYNES, LIZ DANGER","W"
"P60015419","KOPITKE, KYLE KENLEY DOCTOR","IND"
"P60015427","AREVALO, NORMAN","AIP"
"P60015435","RODRIGUEZ, JAMES WARD","REP"
"P60015443","CHILDS, STEVEN LEE MR.","LIB"
"P60015450","SCHULTZ, ADAM","UN"
"P60015468","KENG$, SWAGMASTA420 SIR","IND"
"P60015476","MARSTON DAVID L SR","IND"
"P60015484","MOORE, KOEN ROBERT","IND"
"P60015492","GREZEBYK, KANDY KAY","IND"
"P60015518","RAMSEY, JOANTHAN ANDREW","IND"
"P60015526","FAHL, MICHAEL TRAVIS","OTH"
"P60015534","HINKLE, GARY CHARLES","REP"
"P60015542","HEINEMANN, THOMAS GEORGE","IND"
"P60015559","COLEMAN, KEVIN","IND"
"P60015575","WEENUR, DREW P.","IND"
"P60015583","BALLS, KC MATZO","IND"
"P60015591","MCGEE, ROBERT DERK","REP"
"P60015609","BEEBE, JAMES WESLEY DR","DEM"
"P60015617","JONES, ELVIS BUBBA","REP"
"P60015625","LACOMB, RODNEY DALE MR","IND"
"P60015633","HONEST, LEZBE","IND"
"P60015641","HUSTUS, TREVOR JAMES","REP"
"P60015658","WESTERVELT, HAROLD POPE III","REP"
"P60015666","AKAINU, SAKAZUKI F ADMIRAL","CRV"
"P60015674","DEATHBRINGER, LESALE VENOMANCER","GRE"
"P60015682","CARR?T, BUNNY H. MS.","UNK"
"P60015690","PHILLIPS, CHRIS MR.","IND"
"P60015708","KHANNA, BENJAMIN ANTONIO","IND"
"P60015716","LYNCH, WILLIAM CHARLES","DEM"
"P60015724","BURKE, STEVE","DEM"
"P60015732","HAWK, JEFFREY A","REP"
"P60015740","O'NEILL, BRIAN","DEM"
"P60015757","TRACY, ROBERT BRUCE","REP"
"P60015765","ENNIS, P DR. JR","COM"
"P60015773","MANELSKI, DEVON MARCUS","IND"
"P60015799","ELMORE, CURTIS MARLOW MR.","VOL"
"P60015807","COOK, TIMOTHY","REP"
"P60015815","JACKSON, KRIS","REP"
"P60015823","SCHROADER, KEITH PATRICK DR","DRP"
"P60015831","OLSON, BRADY","PRO"
"P60015849","HUMPHREYS, DEVIN","REP"
"P60015856","DUNCAN, JASON MICHAEL","IND"
"P60015864","WILLMON, PAUL RYU MICHAEL","W"
"P60015872","JACKSON, MYRON LAWRENCE HOLY","UN"
"P60015880","WELLY, JELLY","IND"
"P60015898","LANDE CLARK, MICHELLE MARIE MRS.","DEM"
"P60015906","THIRSK, ERIK JOHN","IND"
"P60015914","SLAYDON, NICHOLAS","SOC"
"P60015922","LEE, THOMAS PAUL","IND"
"P60015930","SWIFT, TAYLOR","UNK"
"P60015948","WILLIAMS, SAUL III","DEM"
"P60015955","DEWEY, JARED ALEXANDER","REP"
"P60015963","KENDALL, ALAN JAMES","CRV"
"P60015971","EBY, CHANDLER KADE","REP"
"P60015989","KUSH, GEORGE W MLG","IND"
"P60015997","SERINO, CHRISTIAN THOMAS","DEM"
"P60016003","WESTRTHOSE, KANYEWHAT DEEZNUTZ KANYE T","IND"
"P60016011","SUPRUN, DANIEL FRANCIS MR","IND"
"P60016029","NIELSEN, BAILEY","IND"
"P60016037","SIMONSEN, DARIAN","IND"
"P60016045","OLIVER, TATE","IND"
"P60016052","HOUK, GRIFFEN","IND"
"P60016060","MARSHALL, KYLE","DEM"
"P60016078","RUBERTT, RUSSELL JR","IND"
"P60016086","COULTER, AUSTIN ALLEN MCEWAN","IND"
"P60016094","YATES, PRESLEY R","IND"
"P60016102","CARPER, KYRSTIN","IND"
"P60016110","BENTLEY, JAMES","IND"
"P60016128","WALLETTE, SAMANTHA","IND"
"P60016136","WHITE, CHANDLER","OTH"
"P60016144","WHITE, PARIS","IND"
"P60016151","EASTMAN, PHELAN","REP"
"P60016169","DAVIS, JEREMY","IND"
"P60016177","MALESIC, JACOB WYNN","REP"
"P60016185","CATE, ANTHONY","DEM"
"P60016193","OLIVER, TIARA ASHLEY",""
"P60016201","HELLSTROM, JACK HENRY ALLEN","IND"
"P60016219","POLLOCK, LINDSY","IND"
"P60016227","DORSEY, CHASE","DEM"
"P60016235","RILOMETO, JELTON","REP"
"P60016243","WADSWORTH, MIKAYLA","IND"
"P60016250","DITTMAN, MEGAYN  ASHLEE","DEM"
"P60016268","A$$, DAT PHAT","REP"
"P60016276","HARRIS, KELVIN KEITH MR.","DEM"
"P60016284","OSKAR SOHAM, JOSH MORDECAI JAY PRAGOON","COM"
"P60016292","SCHWEIGERT, MARGARET ELIZABETH","DEM"
"P60016300","HABJAN, JOHN","OTH"
"P60016318","LOLMYNAMEISJON, @","PAF"
"P60016326","ABABIY, JON","PAF"
"P60016334","DUTZ, NEEZ MR.","IND"
"P60016342","DE  LA  FUENTE, ROQUE ROCKY","DEM"
"P60016359","SHARK, LEFT","IND"
"P60016367","GARCIA, MALISIA","LP"
"P60016375","LEONHARDT, SHAWN","WPP"
"P60016383","KITTINGTON, VALMA","REP"
"P60016391","CORRY, MATTHEW","DEM"
"P60016409","RUDEEN, ARRON","IND"
"P60016417","HEYDARI, NICOLE MARIAM","IND"
"P60016425","GREEN, DON","REP"
"P60016433","ALLEN, ALICE","DEM"
"P60016441","THOLE, LUKE ANTHONY","DEM"
"P60016458","WEBBER, DAVID A","IND"
"P60016466","NEGLE, THOMAS EDWARD","REP"
"P60016474","HORISK, ETHAN MR.","REP"
"P60016482","MOGYOROSSY, JULIUS E.","DEM"
"P60016490","KUBACH, NATHAN K","REP"
"P60016508","HALE, JOHN DAVID","LIB"
"P60016516","DUROUSSEAU, JAYLEM LORENZ ALLEN","IND"
"P60016524","OBERDOVE, JESSE","OTH"
"P60016532","MISSELT, STEVEN ERIK","DEM"
"P60016540","SALEH, KASSEM RICHARD MR","IND"
"P60016565","AREF, FAHIM FAHIM JR","IND"
"P60016573","SIMMONS, RICHARD TEAGLE","NPA"
"P60016581","KAZOO, FREDRICKSON ASSHAT","OTH"
"P60016599","RAY, GENE DR.","OTH"
"P60016607","STONE, CARY ALLEN MR.","IND"
"P60016615","EVERS, JOSHUA","W"
"P60016623","SMITH, MICHAEL","IND"
"P60016631","HITLERDID, NOTHINGWRONG","IND"
"P60016649","BUSHDID, 9/11","IND"
"P60016656","BERMAN, FONZI","UN"
"P60016664","COXWELL, KIRSTEN","DEM"
"P60016672","JOHNSON, BORIS DE PFEFFEL RT. HON. MP","CRV"
"P60016680","FIGUEROA, EDWIN MR","DEM"
"P60016698","BEELER, MATTHEW DALE 'EBOLA'","IND"
"P60016706","DEBATE, EMBRACE THE","REP"
"P60016714","MAO, ANDREW","DEM"
"P60016722","HOTOP, TIM","REP"
"P60016730","REECE, LEVI GARRETT","REP"
"P60016748","JIMENEZ, COMETA","DOG"
"P60016755","TOLERTON, NICHOLAS","IND"
"P60016763","LOUP, TONY","UN"
"P60016771","SAMUELSON, VIRGIL FARLY MR.","REP"
"P60016789","CENA, JOHN","SUS"
"P60016797","DIETRICH , GEORGE II","DEM"
"P60016805","MCMILLAN, JIMMY 'RENT IS TOO DAMN HIGH","REP"
"P60016813","CONRAD","NNE"
"P60016821","NUNN, BRETT A","REP"
"P60016839","BERGEVIN, RHETT RAYMOND","IND"
"P60016847","KICKS, MINISTER","IND"
"P60016854","POPE, MARTIN NEAL","UN"
"P60016862","OELTJENBRUNS, THOMAS COLE","REP"
"P60016870","MORROW, ERECK DANIEL MR.","N/A"
"P60016888","BORING, PAIJ","REP"
"P60016896","MILLER, JASON","DEM"
"P60016904","CLARK, SANTA ROY ALLEN","IND"
"P60016912","EPLEY, DAVID JACKSON","NPA"
"P60016920","PRAG, CHOMI","REP"
"P60016938","HART, CHRISTOPHER J MR.","W"
"P60016946","MARTIN, DANNY WAYNE","IND"
"P60016953","EGNOR, JAMES","IND"
"P60016961","GIBBS, NEVEN LEE SGT. FR.","NPA"
"P60016979","MATHESON, RICHARD LEE MR","W"
"P60016987","GRAUMAN, BARRY","NPA"
"P60016995","LAPOINTE, KEITH MR","W"
"P60017001","NYARLATHOTEP, CRAWLING CHAOS THE","COM"
"P60017019","SUMMERS, BUFFY ANNE","SUS"
"P60017027","MARKS, STEPHEN MR.","REF"
"P60017035","SILVA, ROD MR.","IND"
"P60017043","HUETTL, JEFF ALLAN","NON"
"P60017050","WALTERS, JENNIFER","GRE"
"P60017068","NATION, CARRIE","NAP"
"P60017076","GOLDMAN, EMMA","OE"
"P60017084","LIKECAILLOU, SWAGSWAG","AKI"
"P60017092","MARTOWSKA, MATTHEW","UN"
"P60017100","VALENTINE, JAMES","NNE"
"P60017118","PEARSON, DENNIS","DEM"
"P60017126","ALLEN, BRIAN CLIFFORD MR.","REP"
"P60017134","VANN, AARON NACNAN","DEM"
"P60017142","TOPPING, BRIAN KEITH","NNE"
"P60017159","CHRIST, JESUS","UN"
"P60017167","SKYWALKER, ANAKIN","NPA"
"P60017175","BECKER, ANTHONY MARK","IND"
"P60017209","PRYBER, CYNTHIA LOUISE MS","CRV"
"P60017217","EDWARDS, LA RESA","OTH"
"P60017225","LILPUP, LUCY CHIMI MRS.","REP"
"P60017233","GAVIN, TIMOTHY EUGENE MR JR","DEM"
"P60017241","BEDIO, DENISE","OTH"
"P60017258","MUCCI, JOSEPH","DEM"
"P60017266","JEKYLL, DR.","OTH"
"P60017274","IRWIN, PATRICK ROBERT","IND"
"P60017282","DAVIS, GARY GENE","DEM"
"P60017290","CAVAZOS, CYNTHIA T. MS.","IND"
"P60017308","KALE, STEPHEN DR.","DEM"
"P60017316","CHAN, CURE","PFP"
"P60017324","VADER, DARTH","W"
"P60017332","MARTIN, HARVEY MR.","DEM"
"P60017340","HEDGES, JAMES ARTHUR","OTH"
"P60017357","FROG, KERMIT","OTH"
"P60017365","DODDS, WILL","W"
"P60017373","HURTEAU, PAUL ROSAIRE","IND"
"P60017381","MANNING, KEVIN PAUL","IND"
"P60017399","MATOUSEK, MARK THOMAS DR.","ACE"
"P60017407","SISLER, JESSE","DEM"
"P60017415","HARPER, STEPHEN","CRV"
"P60017423","LYNCH, JAMES P SR","REP"
"P60017431","CARTER-GUTIERREZ, KRISTIE ALANA MRS.","IND"
"P60017449","DE MARCO, GUY ANTHONY","IND"
"P60017456","TOLBERT, ROBERT LEE MR","DEM"
"P60017464","OCONNOR, MATTHEW BRENDAN","NNE"
"P60017472","SUBER, DEXTER","UC"
"P60017480","BONGARDT, BRUCE DAVID","REP"
"P60017498","KNAUB, BILLY","W"
"P60017506","MONTAIGNE, ETHAN JACK THE TRAIN MR","REP"
"P60017514","MONTAIGNE, ETRAIN MR","REP"
"P60017522","WALLS, JIMELLE LEANNA","DEM"
"P60017530","LOGSDON, JACK LOUIS","IND"
"P60017548","SNOEYINK, NOLAN","REP"
"P60017555","VOLZ-HAZEL, MARILYN MICHELLE","IND"
"P60017563","PETERSEN, AUSTIN WADE","LIB"
"P60017571","COSTELLO, LAGOON THE DOLPHIN MR.","AIP"
"P60017589","SCHILLER, BRAD DR.","IND"
"P60017597","ROSE, RUBY SUMMER MADAME III","REP"
"P60017605","BROWN, TONY MICHAEL","DEM"
"P60017613","HENAO, DARREN MR. BIGDEE","OTH"
"P60017621","EPPERSON, JOHN EDWARD MR. III","LIB"
"P60017639","HAJILE, NOTLIMAH NAMKCALB","MGD"
"P60017647","CRITIC, NOSTALGIA","ACE"
"P60017654","QUAID, MARVEL JACK","ACE"
"P60017662","MORISSON, SAMUEL JOSEPH DENIS COLM","IND"
"P60017670","O'NEILL, JAMES J","REP"
"P60017688","HALL, DAVID EAMES","REP"
"P60017696","STEPHENS, HERBERT MURRAY","REP"
"P60017704","ZORN, ROBERT ERWIN","UNK"
"P60017712","FROHMAN, MARK FREDRIC PHD","IND"
"P60017720","MEEK, SCOTT ALLEN","IND"
"P60017738","ROSE, CINDY ELLEN MS.","REP"
"P60017746","CHAPPELL, CHRISTOPHER A","REP"
"P60017753","HIROSE, KOICHI","LRU"
"P60017761","ULTRAPERVERT, DJ","GRE"
"P60017779","PINEDA, ROY","COM"
"P60017787","SNACKBAR, ALLAH M","COM"
"P60017795","NOTBRUCEWAYNE, BATMAN","COM"
"P60017803","THE COCKROACH, ZORRO","COM"
"P60017811","SLATER, JEFFREY MR.","COM"
"P60017829","VOICE, STUDENT","IND"
"P60017837","ALLEN, JEREMIAH EDWARD","JCN"
"P60017845","HUEY, KEVIN GLENN","REP"
"P60017852","ROBERTS, CLIFTON LEE MR.","OTH"
"P60017860","GREUTER, CLIFTON G","W"
"P60017878","BURKHARDT, HELEN DR.","REP"
"P60017886","HODGES, SUMAYAH","DEM"
"P60017894","FALKENBERG, PAUL ROBERT","DEM"
"P60017902","WALLACE, JOHN STEPHEN","REP"
"P60017910","MCALLISTER, RENEE BETH","DEM"
"P60017928","MANN, ROBERT L","IND"
"P60017936","HAMMOND, EMANUEL D'CLAIBORNE","NNE"
"P60017951","RYAN, SEAN CRAWDADDY","AKI"
"P60017969","ROWE, BRANDON CORNING MR.","IND"
"P60017977","JACKSON, CRAIG ASHLEY DR. JR.","AIP"
"P60017985","SZATHMARY, DANIEL WILLIAM","OTH"
"P60017993","SHRUM, ROBERT MR.","REP"
"P60018009","REEVES, RANDALL DEAN","DEM"
"P60018017","SOLTYSIK, EMIDIO","SOC"
"P60018025","CURL, TRAVIS L.","IND"
"P60018033","JENSEN, NATHAN DAVID MR.","REP"
"P60018041","LEGAN, JAMES DAVID","IDP"
"P60018058","MATHIAS, LONNIE WAYNE","DEM"
"P60018066","WEST, KEVIN ANTHONY MR","UN"
"P60018074","MARSHALL, SHANT ANTOINE","W"
"P60018082","WILSON, STEVEN","W"
"P60018090","DADDY, DISCO","OTH"
"P60018108","BUCKET, BOB","DEM"
"P60018116","STEWART, MARK","DEM"
"P60018124","RUDEEN, AARON KENNETH","IND"
"P60018132","DOYLE, COLIN B","IND"
"P60018140","FOR PREZ, YODA","IND"
"P60018157","STARWARS, YODA","IND"
"P60018165","MYERS, J.R.","CON"
"P60018173","PLEASE, BITCH","REP"
"P60018181","BICH, PHUC DAT","REP"
"P60018199","FLOWERS, JASON MICHAEL","IND"
"P60018207","CHEESE, FOOT","NNE"
"P60018215","HAGERTY, TIMOTHY SHAWN MR.","DEM"
"P60018223","PARKER, JOHN STANLEY","IND"
"P60018231","KNIGHT, DAVID DREW","IND"
"P60018249","MALDONADO, JOSEPH A","IND"
"P60018256","FIELDS, KENNETH J","IND"
"P60018264","WILLIAMS, GUS MR.","DEM"
"P60018272","STEELE, ROBERT","LIB"
"P60018280","NASH, JAMES ELBERT","OTH"
"P60018298","WHANG, EDWARD SUNG","W"
"P60018306","BUTLER, NORMAN DOUGLAS","IND"
"P60018314","HAZZARD, SHANNONN MONROE","REP"
"P60018322","JONES, EDWARD CLAUDE","IND"
"P60018330","VALENTINE, STANLEY R","IND"
"P60018348","MELGAR, ANTONIO ORLANDO","DEM"
"P60018355","WEINRIB, ERIC","UN"
"P60018363","WOODARD, CHAD MR.","UN"
"P60018371","GLASGOW, NATHANIEL","REP"
"P60018389","ROY, JOHN CHARLES","UN"
"P60018397","GRIBBINS, CHRISTOPHER A","VET"
"P60018413","SKELETAL, MR, THANK","OTH"
"P60018421","COURTOIS, DAKOTA","IND"
"P60018439","PRESENT, THE GHOST OF CHRISTMAS MMXV","OE"
"P60018447","TEA, CAROL","THD"
"P60018454","YOUNG, KENNETH","RTL"
"P60018462","DEMARCO, ANGELO THOMAS","REP"
"P60018470","SIMMONS, BENJAMIN ANDREW MR.","UN"
"P60018488","COPEN, KAREN","REP"
"P60018496","MORRISSEY, JOHN FRENCH MR.","REP"
"P60018504","LUNGO, ROBERT FRANCIS","IND"
"P60018512","GRUMP, MISTER","IND"
"P60018520","HARRIS, ARTHUR MICHAEL","AIP"
"P60018538","SAGARIBAY, JEREMY DIEGO MR.","W"
"P60018546","EINSPAHR, KELVIN WALTER MR.","NPA"
"P60018553","CEDENO, ALBERTO A1 MR.","W"
"P60018561","STEINBROOK, MICHAEL LEE","IND"
"P60018579","MCCOY, MAX CAT","REP"
"P60018587","TOPPIN, GABRIEL RYAN MR. 1ST","REP"
"P60018595","GOAT, ANUS THE","DEM"
"P60018603","SELIM, RIMON MR.","REP"
"P60018611","JACKSON, DENNY CARROLL","DEM"
"P60018629","XIMENEZ, NICHOLAS","OTH"
"P60018645","STAHLE, RAYMOND LYNN MR","W"
"P60018652","DEFAZIO, ANTHONY LOUIS","REP"
"P60018660","PUTIN, VLADIMIR","COM"
"P60018678","GRISKIE, CHRISTIN NOEL","DEM"
"P60018686","ROSS, BOB","COM"
"P60018694","BELCHER, RAMEY","SOC"
"P60018702","BARBINE, MICHAEL W.","W"
"P60018710","PURDY, MASON ALAN","DEM"
"P60018728","AISHI, AYANO","W"
"P60018736","ANTICHRIST, THE","COM"
"P60018744","BACKUS, ALAN LESTER","IND"
"P60018751","WEBB-ALJALAL, AMI MERRIE",""
"P60018769","SMITH, WILLIAM ROGER","IND"
"P60018777","KAYSER, LUCY LOU MAYOR","W"
"P60018785","WANG, BILL MR.","BS"
"P60018793","TESTICLES, TOY","IND"
"P60018801","MOYOWASIFSA-CURRY, SEDINAM KINAMO CHRI","GRE"
"P60018819","FOURPOUNDER, CRACKED","FED"
"P60018827","TSE, FELIX MR.","COM"
"P60018835","TRUMP, THE MUSLIM DICTATOR","REP"
"P60018843","DAVID, ABRAHAM JOSEPH MR","DEM"
"P60018850","UTTER, ELI","DEM"
"P60018868","LIEGH, ZACHARIUS","DEM"
"P60018876","HYMAN, SCOTT","LIB"
"P60018884","CHRIS D ROCKMAN, JESUS IRON MAN MR. JR","IND"
"P60018892","SUCK, PONZI SCHEMES","NAP"
"P60018900","WOOLSEY, JAMES CURTIS","CON"
"P60018918","NORWOOD, QUINON MARVIN MR. IV","REP"
"P60018926","AUSTIN, DOROTHY JAMES","DEM"
"P60018934","HAMMEL, BRIANNA MAYANN","DEM"
"P60018942","SPEARS, LINDA MARIMARIE","IND"
"P60018959","SANTOS, CHRISTOPHER SR.","IND"
"P60018967","SLOCUM, HARLEY DAVID","UC"
"P60018975","MCCARTHY, STEPHEN JOHN","REP"
"P60018983","NIKLAWSKI, ANDREW","LIB"
"P60018991","TRUMP, DON'T VOTE FOR","COM"
"P60019007","ROGERS, STEPHEN ANDREW MR.","IDP"
"P60019015","MANDELA, BARACK OBAMA MR.","DEM"
"P60019023","CLARK, KYLE RYAN MR","UN"
"P60019031","FISCHER, JASON A","NON"
"P60019049","JOESTAR, JOHNNY","TX"
"P60019056","ZEPPELI, GYRO","SEP"
"P60019064","NERO, DIANE","UNK"
"P60019072","SUDDUTH, PAUL ALLEN MR. II","IND"
"P60019080","MCCALL, BENSON MR","IND"
"P60019098","SORENSON, JILLIAN MISS","LIB"
"P60019106","HAWES, CALVIS L","DEM"
"P60019114","MORRIS, LAIO CHANTELLE","NNE"
"P60019122","ATKINSON, WILLIAM FLOYD MR.","SUS"
"P60019130","MCDOWELL, ALYSSA DARA MS.","DEM"
"P60019148","PATER, JEROEN","IND"
"P60019155","ARNOLD-GALATI, AIDAN DONAVON","NNE"
"P60019163","WANG, STANLEY","OTH"
"P60019171","SAYWARD, ERIC","NNE"
"P60019189","MARADIANOS, PETE","AIC"
"P60019197","FOX, POGE _","REP"
"P60019205","FINCH, AUDEN HENRY MR. ESQ.","IND"
"P60019213","NAYLOR, KATIE D","IND"
"P60019221","HOUSTON, MATTHEW MONTGOMERY","DEM"
"P60019247","TIMMY, TIM","CNC"
"P60019254","MAILLOUX, LUCY ISABEL MRS","IND"
"P60019262","OSTROW, BEN","IND"
"P60019270","PESCAROLO, DYLAN JACOB","IND"
"P60019288","OF LEPPERT, MICHAEL ANDREW DUKE","OTH"
"P60019296","CARREON, EMILIO","IDP"
"P60019304","ADAMS, PAUL R","IND"
"P60019312","WILLIAMS, JULIAN ALPHONSE","REP"
"P60019320","AVERSA, RICHARD MR.","DEM"
"P60019338","MICHLER, THOMAS EDWARD","IND"
"P60019346","ESTRADA, LUIS CARLOS MR.","DEM"
"P60019353","SELEY, MICHAEL TRINH MR.","REP"
"P60019361","FAMILONI, TAIWO JACOB","IND"
"P60019379","BUCKINGHAM, LUKE","UN"
"P60019387","LAYTON, NYLE BENJAMIN MR","REP"
"P60019395","L'EFFETPAP', SUR CANAL+","UN"
"P60019403","ZELAYA, DANNY","IND"
"P60019411","AL? N?R?, M?RZ? &#7716;USAYN PROPHET","CNC"
"P60019429","WEED, DANK ASS","IND"
"P60019437","DEPEW, JENNIFER ROBIN MS R.D.","IND"
"P60019445","WARLORD STOCK, LUTHER T. THE MERCILESS","UNK"
"P60019452","PIERCE, GEORGE VINCENT","LIB"
"P60019460","WEGRZYNOWSKI, JEFFREY ALLEN DR","REP"
"P60019478","NEWMAN, DAN POE MR","DEM"
"P60019486","GROTH, EDWARD TIPTON","NNE"
"P60019494","ZITELLO, TAMORA V","REP"
"P60019502","KARPACS, GEORGE A","REP"
"P60019510","REN, KYLO","PFP"
"P60019528","ARLINE, FREDERIC LEE","IND"
"P60019536","JILMORE, GIM","GWP"
"P60019544","SHWARTZ, FELIPE","OTH"
"P60019551","PCOLA, JOSEPH CASH","DEM"
"P60019569","COHEN, LARRY JOE (LAWRENCE)","DEM"
"P60019577","KIEVMAN, MEIKO MIYAGAWA","IND"
"P60019585","SPICER, LUKE GREGORY BIXBY MASTER","W"
"P60019593","FRANZE, JOSEPH BRIAN","IND"
"P60019601","PCOLA, SKYLAR TRISHA ALLISON HOLLY","DEM"
"P60019619","KENNELLY, KRISTEN","DEM"
"P60019627","RAFF, RIFF","W"
"P60019635","WADE, ASHTON","REP"
"P60019643","YAVDAQ QAMDU'DAJ LIS GHARGH JE, NUJ TI","NPA"
"P60019650","LUCKETT, ANTHONY","FRE"
"P60019668","GEORGE, JEFF","NPA"
"P60019684","WALTZ, SHAWN JEFFERY","W"
"P60019692","BARZ, MICHAEL THOMAS MR.","OTH"
"P60019700","WEBSTER, ROBERT RONALD JR","IND"
"P60019718","DUNBAR, MARK OWEN MR","REP"
"P60019726","D-23, MEGATRON THE","DEC"
"P60019734","REMLIN, LOUIS","IND"
"P60019742","KETENBRINK, BILLY JOE MR","REP"
"P60019759","GOD, FOR PRESIDENT","REP"
"P60019767","O'GRADY, TREVOR MICHEAL DEVEN","OTH"
"P60019775","BARANOWSKI, MICHAEL KAZIMER","NPA"
"P60019783","FLAHERTY, FINN MR.","IND"
"P60019791","MOOYE, ALAMYE","COM"
"P60019809","PEREA, DANIEL","IND"
"P60019817","WILLIAMS III, LINEL","IND"
"P60019825","LILLY, LAMONT","OTH"
"P60019833","BATCHER, SCOTT GERALD","REP"
"P60019841","GRAY-OR ELSE JUST HOSANNA, JESSE OLIVE","DEM"
"P60019858","FAULHABER, CHRISTOPHER M","LIB"
"P60019866","YORK, AMOS DALTON","DEM"
"P60019874","EICHOLTZ, LILLY JEWEL MS.","DEM"
"P60019882","RAY, MICHAEL ROBERT","IND"
"P60019890","CLEMENTS, THOMAS PATRICK","LIB"
"P60019908","DANIEL, DAMN","IND"
"P60019916","WELDEMICAEL, HENOK ATO","IND"
"P60019924","LAMONT, JOSEPH RYAN","IND"
"P60019932","MORCHAK, CHRISTOPHER CARNEY","REP"
"P60019940","THOMAS, MARY MS","DEM"
"P60019957","VANS, DANIEL WHITE DAMN.","DEM"
"P60019965","ADAMS, PHILIP MONROE III","UNK"
"P60019973","HOPKINS, RICHARD PAUL","IND"
"P60019981","HAMMOND, EMANUEL DCLAIBORNE MR NONE","AIP"
"P60019999","OTIS, JAMES LAMBERT","REP"
"P60020005","HYDROX, COOKIE","W"
"P60020013","ZANUSZZI, WALTER J III","IND"
"P60020021","RANCK, CONNOR JORDAN","REP"
"P60020039","WINSLOW, ROLAND KING II","LBL"
"P60020047","VAN DUREN, GABRIEL ELIAS","IND"
"P60020054","DEAL, GARY DEAN MR.","IND"
"P60020062","STARBUREIY, LINK","W"
"P60020070","FRANKU, PAPA","JCN"
"P60020088","GOELLNER, JOSHUA JAMES","IND"
"P60020096","LANTZ, TOM","W"
"P60020104","ZARIKTA, DAVID MR","REP"
"P60020112","ANGRA, KRISH","IND"
"P60020120","NELSON, EDWARD","DEM"
"P60020138","PACICH, DANIEL MICHAEL","LAB"
"P60020146","D'AURA, JOHN 'KINGTAMER'","OTH"
"P60020153","SMITH, JUSTIN N","W"
"P60020161","MATTFLORES, THE MR. ESQ.","UN"
"P60020179","PLOEGER, JEREMY LEE","IND"
"P60020187","CALDWELL, SCOTT PIPER LTC (R)","W"
"P60020195","GUSTAFSON, JOSHUA","IND"
"P60020203","DRUMPF, DONALD J.","REP"
"P60020211","HALL JR, THOMAS DAVID","CON"
"P60020229","HALL JR, THO D.","CST"
"P60020237","FLANDERS, DAVID EUGENE","IND"
"P60020245","MCCORMICK, KEVIN","LIB"
"P60020252","RODNE, ERIK J.","W"
"P60020260","ALKHAIBARI, JAMAL ASKER","NNE"
"P60020278","GEIGER, MATTHEW","IND"
"P60020286","LINCOLN, ABRAHAM","REP"
"P60020294","GLASER, DANIEL G","IND"
"P60020302","WATROUS, ESTHER JANE","IND"
"P60020310","SNIDER, GEORGE NORTON","IND"
"P60020328","SIMMONS, HARLEY SPIDERMAN","NNE"
"P60020336","MARSHALL, NOONE DANGER REVEREND","W"
"P60020344","WILLIAMS, SUNEETA","REP"
"P60020351","CARVIN, JAMES DOMINICK","NPA"
"P60020369","ZEMAN, HEIDI KRISTEL UHLHORN O''BRIEN","LIB"
"P60020377","SINGLETON, MONROE PIERCE","OTH"
"P60020385","MITRO, CHRISTOPHER FRANCIS","VET"
"P60020393","LAU, RYAN","LIB"
"P60020401","DRESCHER, DYLAN","W"
"P60020419","WALLACE, KELSO DAVID","IND"
"P60020427","MACY, EDWARD MR","IND"
"P60020435","WATSON, ANTONIO SR","IND"
"P60020443","CORWINE, THOMAS WILLIAM MR","NNE"
"P60020450","DEGOR, BAWN","IND"
"P60020468","RENOWITZKY, CARL A.","IDP"
"P60020476","PIERCE, DAVIS GEORGE MR","IDP"
"P60020484","WYSINGER, DEMETRA JEFFERSON","OTH"
"P60020492","ROMAN, DICK DI","CRV"
"P60020500","ROBINSON, JOHN PAUL WESLEY III",""
"P60020518","COOMBS, MICHAEL ERIC","REP"
"P60020526","BENOVITZ, YONI","IND"
"P60020534","STEPHENSON, MICHAEL","DEM"
"P60020542","KELLER, JOSH","UST"
"P60020559","MATTISON, HALEN MR.","IND"
"P60020575","ROBINS, FRANKLIN DELANO MISTER JUNIOR","W"
"P60020583","HAMILTON, ALEXANDER","FED"
"P80000268","CARTER, WILLIE FELIX","DEM"
"P80001456","HENRY, JOHN ROBERT","DEM"
"P80001571","TRUMP, DONALD J","REP"
"P80003031","MEADOWS, SHERRY A","DEM"
"P80003114","BLYTH, JOHN DOUGLAS","DEM"
"P80003205","MERCER, LEE L JR","IND"
"P80003221","CAESAR, PRESIDENT EMPEROR","DEM"
"P80003239","SAVIOR, OLE'","REP"
"P80003379","GILMORE, JAMES S III","REP"
"P80003478","HUCKABEE, MIKE","REP"
"P80003544","GRAHAM, MARK BLAIR","W"
"P80003635","MITCHELL, JAMES CREIGHTON JR","REP"
"P80003643","ELLIOTT, CLAIRE ELISABETH","IND"
"P80003734","LEE, MONROE","REP"
"P80003916","POWELL, MICHEL ANISSA I","DEM"
"P80003957","BAILEY, GEORGE BRENT JR","REP"
"P80004021","SHEPARD, JACK EDWARD","DEM"
"P80004120","BILLINGS-ELIAS, CHRISTINA GERASIMOS","DEM"
"P80004237","VAUGHN, CORROGAN R","REP"
"P80004328","PINNAVAIA, MATTHEW D","NNE"
"P80004344","BORMAN, MATTHEW JAY","AMP"
"P80004567","LYNCH, FRANK","REP"
"P80004617","HOWARD, ALBERT","REP"
"P80004641","SMITH, RHETT R","LIB"
"P80004765","HEWES, HENRY","DEM"
"P80005010","POWELL, SAMUEL LYNDELL","IND"
"P80005077","BOSS, JEFFREY HARLAN","DEM"
"P80005101","HOINOSKI, DALE","IND"
"P80005341","BRANNAN, CHARLES GORDON","NNE"
"P80005366","CROSS, KENNETH ROBERT","REF"
"P80005564","EDWARDS, KATEE","UNK"
"P80005572","LA RIVA, GLORIA ESTELA","PFD"
"P80005713","CRIVEAU, JAMES DENNIS","CST"
"P80005762","MCNEIL, ROBERT A (BOB)","OTH"
"P80005770","VENTURA, ANDRE F","UNK"
"P80005838","SIMS, GREGORY","REP"
